row754,series,has_opening,Vu,ACI 318-19,Eurocode 2,CatBoost (data-driven),CatBoost (EC2-informed)
1,0,False,201.73,200.3619125482685,159.42692977355463,164.45875100851842,174.08376424348745
2,0,True,128.13,160.230207826115,125.73354309213728,132.9656035927809,136.78559267002333
3,0,True,136.7,173.25000000000003,135.4660218748962,145.30526613475635,142.00913198528127
4,0,True,159.56,182.78333296556335,144.13093988436046,153.36929128399262,148.21691279470653
11,1,False,249.9,243.4930836110135,319.4484977302216,355.37400764292045,359.5211602439077
12,1,False,216.4,243.4930836110135,321.4083534919488,353.23234452912675,357.36996831111003
13,1,False,259.2,243.4930836110135,316.7973506188359,361.39052237579904,357.888882887955
14,1,False,232.3,238.16695291160775,312.1606248698078,358.94188677273274,353.0833893508404
15,1,True,187.6,215.49713557326572,252.45447616848665,268.479577693604,255.57694610317876
16,1,True,178.6,215.49713557326572,256.33899953278143,278.2822766442428,255.6508816833745
17,1,True,233.7,215.49713557326572,251.13270076598116,253.92291942217247,252.45492337585847
18,1,True,187.6,159.3401262461056,180.51886252173844,223.8359657929797,211.02168649360425
19,1,True,213.9,159.3401262461056,177.29461967347282,215.61942284715613,207.0514484285314
20,1,True,194.8,159.3401262461056,179.45696229111917,221.2555568917732,209.780353735227
21,1,True,208.4,172.80408141174198,192.2068306836973,246.2815684938016,221.1400614879989
22,1,True,184.0,154.33744548984762,169.9115870345186,275.3209096387254,231.09438331068785
23,2,False,235.0,161.7336699639256,200.86919157600352,269.5398100632738,232.77187537870265
24,2,True,175.0,111.19189810019884,141.26125897582446,193.66155982307947,147.09726880846458
25,2,True,143.0,101.08354372745347,129.44010705157663,177.08935202883265,135.39241916114435
26,2,True,115.0,96.02127985758264,122.61055453799256,164.65513908196073,124.0794001842719
27,2,True,160.0,127.07414449065634,155.73388422887552,196.6002732833001,163.2077485925699
28,2,True,176.0,139.67319738084615,169.53359769014693,208.6855462651982,178.5864018986459
29,2,True,195.0,145.560302967533,177.28714848498072,216.83273555339537,189.59156047908212
30,2,True,180.0,129.35458923714768,157.94344533621157,192.6393565544503,163.4041700044725
31,2,True,170.0,122.1089208227638,151.3147620142034,177.08935202883265,155.45964560973076
32,2,True,150.0,116.52910920900838,146.50394487595815,157.13708524234573,140.73800415300428
33,0,False,193.0,180.7339835227454,148.83718613163342,160.93788755828973,167.7292356669984
34,0,True,99.03,119.82825949455096,101.51010470270668,155.6055196114984,123.31960621604402
35,0,True,125.86,146.91684223141334,122.52475143938888,160.22699086529187,141.86644070397688
36,0,True,76.98,105.27047586099344,89.9392360517537,121.14678611143977,101.02218103089
37,0,True,94.7,138.83361358550192,116.5012865402104,121.14678611143977,123.39487924488807
38,0,True,134.78,160.56514666739298,130.83548527113206,138.84991198763427,145.5450531663609
39,0,True,172.15,160.14728015561178,134.24988038100517,149.6759862308056,150.1710004947036
40,0,True,115.53,149.6030416660755,121.26051000040496,111.31101870095917,125.67316691308184
41,0,True,138.83,150.7005448065206,127.04640947430154,116.11402853459408,132.0833062153082
42,3,False,182.9,106.85133795325169,120.73132646417956,141.5360430364034,146.67103474290164
43,3,False,176.7,104.63036432699644,119.05249118965028,141.7628544061795,145.7672151451105
44,3,False,154.9,100.04060462032405,115.54492305184344,135.4791901795003,141.47120285130435
45,3,False,150.0,94.27661414369948,111.06297784905728,126.0923235457358,134.40657462175676
46,3,True,140.2,80.13850346493875,90.54849484813468,80.66960743675259,83.57460839142583
47,3,True,137.0,78.47277324524731,89.28936839223769,80.74092084407158,83.31807786051314
48,3,True,119.3,75.03045346524304,86.65869228888258,76.41698621787992,80.56321005318082
49,3,True,109.2,70.7074606077746,83.29723338679294,72.70986563677496,75.44767961207117
50,3,True,120.4,71.23778701343288,82.73114145957905,82.51681586729234,77.67178246013063
51,3,True,118.2,69.75706389680852,81.58071958770786,82.58812927461133,77.43337053125735
52,3,True,100.9,66.69707110037005,79.17715852127571,78.26419464841979,74.62241127042955
53,3,True,91.6,62.854218649604455,76.1059055710665,74.55707406731483,69.88410434111407
54,4,False,427.0,310.1643298640255,400.5559288172883,457.4809135541405,467.0800896404749
55,4,True,315.0,232.6232473980191,300.41694661296617,380.28070349601575,321.9165897207
56,4,True,222.0,206.7865587203458,274.38081123984244,375.6188695030375,292.37055255829193
57,4,True,210.0,193.8527061650159,258.0781849369788,351.34090661800553,290.1410144936649
58,4,True,339.0,258.45993607569244,339.83165000858736,380.28070349601575,327.33323539977505
59,4,True,300.0,252.0085180145207,330.0380575490047,375.6188695030375,313.538404066472
60,4,True,261.0,248.1314638912204,324.1298575989497,351.34090661800553,300.16306965902606
62,0,True,110.41,82.83596897428363,68.91624855441724,161.48005065684862,103.66798371028958
63,0,True,158.61,124.73607136670611,102.70499147977758,161.48005065684862,123.51300252065226
64,0,True,71.45,82.67144851600365,68.82496864818113,161.84272233956895,100.54220183827717
65,0,True,87.66,69.3,57.94614643454752,135.65443716566085,76.21963750574764
66,0,True,123.0,115.28194211038884,94.34972918289056,131.74050283844994,107.67412000666644
67,0,True,56.33,69.98956922284921,58.32990693251131,135.29176548294052,78.88962013420739
68,0,True,73.58,63.50979807041306,52.656089441012185,131.74050283844994,67.72392412859269
69,0,True,102.63,111.58760791414988,90.73714080898162,135.65443716566085,109.04746286545576
70,0,True,43.15,63.89124172866513,52.8667160409964,135.29176548294052,71.60532277521202
71,5,False,83.3,136.873243550374,158.01064127972882,222.63563367105544,212.96846448832085
72,5,True,76.1,124.77364882052092,141.5301313942531,173.1592470608706,183.63444180600837
73,5,True,54.4,117.12243450605504,132.11269717398125,167.95165749492077,170.1907650663122
74,5,True,72.5,112.6740540906679,125.0496215087774,173.1592470608706,166.3910737062056
75,5,True,81.3,105.41977218249804,127.8938130518125,173.1592470608706,169.91552963627072
76,5,True,72.8,112.6740540906679,125.0496215087774,173.1592470608706,166.3910737062056
77,5,True,71.6,112.6740540906679,125.0496215087774,173.1592470608706,166.3910737062056
78,6,False,590.2,592.6107915048459,707.1354919533511,831.131523200131,694.758331928035
79,6,True,550.2,554.3873954527835,653.3578377902986,692.292722689918,536.6534112742095
80,6,True,517.3,516.1639994007209,599.5801836272465,692.292722689918,473.45205246050426
81,6,True,452.9,477.9406033486583,545.802529464194,692.292722689918,468.4706269055935
86,7,False,475.0,664.6664120438161,557.0719025475511,537.44991951058,539.316905028801
87,7,True,240.0,491.5289264470688,407.0886619901543,414.2716277968359,400.06885363146273
88,7,True,250.0,543.5585954668733,480.5177125060038,495.5782804842704,434.45871809011993
89,7,True,237.0,540.7993969596638,365.4616260323824,365.645765559193,360.44685606586006
90,7,True,455.0,593.4331628377776,574.2761449504247,531.1215119342745,473.7762965933623
91,7,True,375.0,505.7790926537316,487.762126259451,511.6024469503429,459.4886591641155
92,7,True,474.0,609.5412438207607,501.872750558244,460.7800933467902,475.3904576135095
93,7,True,411.0,472.5939705275979,390.6063463176502,454.7165069680807,426.04602865597593
94,1,False,247.0,238.16695291160775,312.1606248698078,358.94188677273274,353.0833893508404
95,1,True,221.0,192.0348911422089,226.02005667791943,251.9181018604471,239.0426510140069
96,1,True,250.0,227.69851970693043,264.07948533069185,270.0825902134232,270.6154087426949
97,1,True,231.0,236.9691063537331,274.80671257220604,283.6740151586072,295.2454189617474
98,1,True,273.0,229.16166098079407,289.6299688494472,328.7926940468725,319.83466233765506
99,8,False,1051.0,836.1189198134916,1183.432820958386,1482.763630708169,1233.6328667103476
100,8,False,950.0,754.5855087110009,1105.190685976064,1467.2319001097317,1177.8642016190358
101,8,True,831.0,357.7972355981643,524.9016748378268,888.8447321329189,524.4889250345667
102,8,True,751.0,311.9792143052465,479.07526072818166,858.2079531624682,488.90903191932847
103,8,True,777.0,557.3191823725433,775.6032667432133,999.945919459038,721.5614350250355
104,8,True,801.0,584.9311637624465,801.0140654839715,993.5779362762468,750.2089847705123
105,8,True,751.0,619.3243763766174,884.4793237713579,1168.6610860561464,834.670109743033
106,8,True,739.0,618.329477137652,883.53183582193,1160.705718838139,832.9751507297135
107,9,False,362.0,216.50034816368128,296.8950213697178,306.9929207363402,300.65618697249755
108,9,True,276.0,160.43174512467914,220.1987919195004,235.16563415701413,201.7336814356309
109,9,True,274.0,136.9410452466955,193.74322198081865,239.99007549198217,186.27906251398787
110,9,True,310.0,127.804338707836,180.05451587247444,190.94862720170264,166.1978451026052
111,9,True,270.0,121.78144584207072,170.84824004720417,169.79722405286026,155.7253497481165
112,9,False,453.0,459.0759797709551,459.6332086400645,529.6201782465988,433.43896352745486
113,9,True,427.0,412.5616201071487,407.1746544229771,398.1571373741377,338.78167444762914
114,9,True,365.0,371.3299899691028,361.0086174531448,387.0939277527066,297.31531613985385
115,9,True,422.0,371.2854339347892,363.9293269940515,368.2175393694004,288.3966925969001
116,9,True,427.0,303.0070753695623,287.16691527963934,411.6693387069098,246.21701925487832
117,9,False,532.0,615.2380146964847,584.2149806252484,525.8660143419072,520.4349720089189
118,9,True,528.0,621.1195346771887,564.9149919274173,397.8603497305768,451.7381448667419
119,9,True,534.0,589.7222070248876,523.5121179196952,406.4129688129884,395.6414258853254
120,9,True,460.0,596.5703554219904,527.6096373719234,370.3682679460491,383.6730079708345
121,9,True,480.0,530.2847603751027,461.6992372030139,370.3682679460491,337.6299567557744
122,10,False,423.0,339.81518672337177,458.3535971980779,431.7288894694088,387.0180838608771
123,10,True,394.0,205.97705244805184,283.362852685286,306.71607193484,260.3959789926342
124,10,True,373.0,264.69940724951846,356.1279227790394,308.004592333392,290.3282923421437
125,10,True,207.0,219.97513596526656,298.36384516552454,321.67193822427043,269.5572522006904
126,10,False,568.0,712.9405368686644,744.130226907218,665.3259108391578,599.7134467924084
127,10,True,443.0,628.8325438313276,606.1369045720843,543.1725032063406,451.8053742354149
128,10,True,467.0,649.7268415283976,638.4735305888655,556.8839741013343,462.9679568760782
129,10,True,484.0,634.4391447566602,613.3638616238887,545.0527189118995,457.6776285992816
130,10,True,340.0,684.7423650131327,644.1034082733287,548.9784368362576,485.5084540740163
131,10,True,512.0,685.2195928780192,637.9838636624763,555.0095621297412,483.15110032343256
132,10,False,508.0,684.0940982385017,718.2309067458334,635.3446605795307,601.5264864119213
133,10,True,428.0,600.4680566918126,579.4400330152868,539.1845912619178,460.4589975119364
134,10,True,383.0,618.7369846986433,623.0828033831195,539.8153645933756,471.4679613041848
135,10,True,420.0,639.4856562876187,605.5328760264581,559.877556705637,457.10673412962217
136,10,False,455.0,750.6551380909196,761.0321299380524,686.1178761348241,603.4036984828858
137,10,True,511.0,658.5413679941236,625.0807070699492,558.7505713690028,464.58985109501714
138,10,True,488.0,623.262923625777,602.552531575856,550.5549455403607,451.5855383233414
139,11,False,649.0,973.585750277511,1090.0174209122413,549.9653241616643,956.5306986282288
140,11,True,529.0,885.7462740900181,937.2625507151728,422.9027439477432,689.5880843120137
141,11,True,612.0,863.0128264232148,919.3137330926304,420.1785490729932,683.202482301644
142,12,False,101.65,78.85826272496752,58.72442764817412,115.16791634242668,74.80912829696906
143,12,True,90.76,66.9980662346501,48.55691733516083,81.5758373942391,51.936484429841805
144,12,True,79.87,57.83667780915498,43.39203013838037,65.23361093768199,50.72701800028313
145,12,True,68.98,50.42429416338803,39.05028821597515,66.95993829631055,46.166015347980455
146,12,True,90.76,66.24438778811283,49.88950223121368,62.20523135468818,52.18569868297849
147,12,True,88.94,69.43667365277804,50.49764097409043,65.18890496635788,53.452146554405545
148,13,False,495.0,592.1631850258847,467.38540268671176,596.042633743248,494.15787760005935
149,13,True,373.8,379.4342095146404,315.6159571363248,426.341962578762,273.27028754181606
150,14,False,57.73,56.92535467715594,65.52003168117649,77.29369348453258,90.80444020823724
151,14,True,49.09,49.26320193761076,55.12200265337379,47.42765419959005,72.50177724984924
152,14,True,51.1,50.7432611592168,57.14001962915403,47.42765419959005,75.30540304779785
153,14,True,44.71,41.60104919806557,45.33986192337414,55.01648193311502,61.96317940120265
154,14,True,57.04,54.23847793639418,61.87056591653497,68.75479474526276,84.8500989924681
155,14,True,56.92,54.45479428416738,62.17195806226839,68.75479474526276,85.26343210203642
156,14,True,55.5,51.540216124697,58.21454814872532,73.11831459216927,77.54101784743193
157,14,False,70.15,69.07111871571215,74.53631686170891,90.3667453388228,105.93363719928018
158,14,True,45.84,50.47717355744244,50.87848988980251,56.53589106912108,76.16511967103291
159,14,True,49.06,54.06887173065946,55.469927008483786,56.53589106912108,79.11118488903952
160,14,True,38.89,31.88322839917273,28.621945674896224,58.13096382386277,49.1895361199647
161,14,True,67.61,62.550805108948914,66.23297116331455,81.82784659955274,91.010915694549
162,14,True,66.34,63.07574561118833,66.91870527844227,81.82784659955274,92.6602223975764
163,14,True,63.85,56.00286305469941,57.91471820154784,80.19761146767598,81.55101781010566
164,0,False,760.0,729.1287454314225,737.6013894597111,704.3511240628649,752.9818253123166
165,0,False,480.0,713.8936060730618,727.2904876789112,671.3840808099757,726.131252823372
166,0,True,340.0,604.1470484786316,623.6032630405336,586.8189525025276,585.9742347973603
167,0,True,300.0,543.7540937945204,551.1134711369825,586.8189525025276,559.113835239169
168,0,True,360.0,639.9304659791288,637.7104482171717,562.4768221194355,584.4480225427534
169,0,True,260.0,493.3659108373268,510.3467291999663,539.404993297491,500.0577552715614
170,0,True,460.0,631.1109744514725,642.0227661044188,596.7251884441093,602.1798078924733
171,0,True,410.0,563.0529258570637,564.0775474914959,590.9522206201243,571.9678842342764
172,0,True,480.0,685.6101414580936,667.7078724685606,592.5555942079347,626.4480179707191
173,0,True,360.0,491.5620074999629,509.10197613736375,537.8050739374838,498.83809736696736
174,0,False,193.0,180.7339835227454,158.50034705562666,166.10309973728573,183.01265076185527
175,0,True,99.0,119.82825949455096,108.10058455957608,136.71819145143678,133.50205617371404
176,0,True,126.0,146.91684223141334,130.47959405032051,141.33966270523024,153.580295276382
177,0,True,77.0,105.27047586099344,95.77848452142356,103.07571985240264,109.23509478675562
178,0,True,95.0,138.83361358550192,124.06505947189328,103.07571985240264,133.4960152791147
179,0,True,135.0,160.56514666739298,139.3298970616475,144.01512416663033,157.65902276071992
180,0,True,172.0,160.14728015561178,142.96596963171947,154.8411984098016,162.66999578427885
181,0,True,115.0,149.6030416660755,129.1332725291394,117.292492780979,136.04396482474894
182,0,True,139.0,150.7005448065206,135.2948178961051,122.09550261461352,142.9830814808682
183,15,False,56.0,24.82909385942226,28.54154806839149,36.99068288668133,36.929782115096266
184,15,True,29.0,17.9181043284439,20.86341547887095,-4.876998572927619,23.49809241942816
185,15,True,33.0,21.659006863865194,24.8835285386039,-0.8894152665394586,27.09625851683836
186,15,True,24.0,22.94654195423696,26.420369625069227,-0.9001150604211716,31.3566694376785
187,15,True,47.0,23.817996855414847,28.39330883208669,13.690865192620208,34.19210227070556
188,15,True,36.0,17.83684266553361,20.80028826855545,-4.876998572927619,23.426993369338472
189,15,True,41.0,21.905981857352792,25.0723333942027,-0.8894152665394586,27.30185255743444
190,15,True,37.0,23.60013384731334,26.919709491506584,-0.8597975908154467,32.07854827719191
191,15,True,56.0,23.40907381304997,28.067388403814338,13.650547723014483,33.79961879223873
192,16,False,901.0,1393.7779588538772,1360.865743131309,973.2740230474296,1285.8473508248455
193,16,True,761.0,1295.7109177607654,1171.4332316874309,758.3147984041645,995.3591934393864
194,16,True,781.0,1295.7109177607654,1171.4332316874309,758.3147984041645,995.3591934393864
195,16,True,831.0,1295.7109177607654,1171.4332316874309,758.3147984041645,995.3591934393864
196,16,True,671.0,1295.7109177607654,1171.4332316874309,758.3147984041645,995.3591934393864
197,16,True,681.0,1295.7109177607654,1171.4332316874309,758.3147984041645,995.3591934393864
198,17,False,234.0,189.12721204522637,205.0715664257822,252.40368643526276,250.3758343994297
199,17,True,182.0,144.9849207538705,149.57920055096554,193.0006654938278,160.15134292591833
200,17,True,145.0,94.56360602261316,102.5357832128911,176.4394893516833,130.4022845882225
201,17,True,198.0,169.07972756843233,179.43762062255942,207.0134848584835,181.8692502142819
202,17,True,180.0,146.1575094685509,150.91216573273311,190.45230871633905,163.45416409132676
203,17,True,213.0,176.1530852989238,188.48127670193645,209.4017674731158,200.63007556811948
204,17,True,197.0,161.32551187457804,169.53266396419414,192.8405913309713,176.39547794470653
205,17,True,218.0,179.5195496733288,192.82879391016303,225.9017009043126,208.69734931407496
206,17,True,212.0,168.58799681711474,178.8018987666395,209.75754407852983,190.3882831606001
207,17,True,220.0,181.5242981210082,195.3511741772001,231.3727818647041,221.8609806343148
208,17,True,215.0,172.8244463669278,184.23629527692276,215.22862503892136,207.6049544398253
209,17,True,223.0,182.8103631629157,197.01225386524897,231.3727818647041,225.40844278272712
210,17,True,219.0,175.62352910519718,187.8250476893739,215.22862503892136,214.41220570575388
211,0,True,128.0,133.97959359544274,117.9550472089434,143.11926396219891,146.9711741513213
212,0,True,112.0,148.86026045744327,133.2498849970364,143.11926396219891,158.36701177855616
213,0,True,78.0,111.64966132953562,101.21329417508736,110.04003601802016,110.27525379690005
214,0,True,98.0,142.9115665018056,127.13194988179922,110.04003601802016,136.85891779195805
215,0,True,53.0,104.200395925629,93.9315359273886,110.04003601802016,115.85403920993448
216,0,True,141.0,140.35702225058583,124.50548416394672,110.04003601802016,133.9699193877327
217,0,True,147.0,160.77551231453128,138.97463662157713,148.89418149432143,158.6561506183401
218,0,True,119.0,156.64894083179163,140.84619003729233,148.89418149432143,160.68462704266847
219,0,True,143.0,151.84353940816845,130.71778331695106,135.9321093476811,147.19083452256248
220,0,True,166.0,152.1650904327975,136.56835365851467,135.9321093476811,154.41214857474267
221,0,True,159.0,142.9115665018056,123.73484452218165,109.36014888900412,127.34590874434151
222,0,True,142.0,149.1639475362596,133.54870444996573,109.36014888900412,139.8254097913575
223,0,True,99.0,133.97959359544274,117.9550472089434,109.36014888900412,126.59882827576914
224,0,True,107.0,147.0202740387325,131.34687690206545,109.36014888900412,138.30484703641142
225,0,True,100.0,126.53032819153611,113.22898165077174,109.36014888900412,122.00727103710749
226,0,True,158.0,145.39465496977448,129.67977890151238,109.36014888900412,136.3019931241261
227,0,True,192.0,167.47449199430343,145.80030202006796,159.1150141418811,167.47933633956265
228,0,True,176.0,161.20424701403672,144.8723889820243,159.1150141418811,166.52509983616332
229,0,True,152.0,156.3095258613499,134.69680024279944,122.09550261461352,141.4151533191993
230,0,True,199.0,153.5584782061901,137.92090486651057,122.09550261461352,144.66921088479108
231,0,True,141.0,145.1445597283963,125.35476050385113,122.09550261461352,131.78502554131742
232,0,True,185.0,149.27113121113595,133.65879582736073,122.09550261461352,141.1952101423359
233,18,False,129.0,76.08676351315229,126.37458770522616,137.95447832755795,148.3951270369219
234,19,False,365.0,283.6827285189066,322.507252708739,389.3420170215884,373.3254310974816
235,20,False,2450.0,1778.5703524179191,2147.087687257353,1519.6174910317102,2409.252722428411
236,21,False,411.0,327.0623296144784,353.6492758410652,393.5257602398101,403.8491519553039
237,22,False,216.0,144.18159967385844,198.52065710854205,189.11304450529585,217.9377369217683
238,23,False,98.0,54.42117551445055,68.41686400105318,71.39344078960625,84.95749395945151
239,24,False,199.0,148.8612584899064,173.57502215030178,214.10079746687043,227.44324103222428
240,25,False,330.0,201.206830267152,256.91470626127466,424.3935260161411,315.78721451288163
241,26,False,440.0,323.9339162518111,397.1733858279232,436.9335738494416,437.2374512114981
242,27,False,578.0,383.7005786960422,460.1574366070965,565.2597802951242,506.74582915780064
243,28,False,152.0,81.40603504729927,112.92714978744884,136.34443934829326,140.5032696647248
244,29,False,283.0,282.5920195967876,290.54491546222766,327.15105809944737,313.51041347977406
245,30,False,194.0,142.81187415636154,170.23764573765945,228.9711213633076,214.27226376147624
246,31,False,322.0,228.92842719667885,273.8076271856855,307.12778393753126,317.4574423960198
247,32,False,2153.0,2814.127358142339,2347.595865445065,1591.4147575167744,1781.211425742949
248,33,False,306.0,317.54456917763406,303.33007641453105,360.2556650289398,358.8540684098512
249,34,False,330.0,175.86264793887756,241.980863419585,296.09012625259186,291.0846284360676
250,35,False,447.0,416.119556572948,511.2635128374206,526.7819804932969,546.2676835840025
251,36,False,315.0,295.48847528002244,292.64848740947,302.00609160353906,317.8264374844304
252,37,False,83.0,45.61951749556183,60.76806634186888,112.09404431012224,88.04151874055835
253,38,False,600.0,451.629219572595,506.3916731437825,608.3718616553969,560.6508441406273
254,39,False,281.0,183.5334463279759,214.07384773866303,238.19332375296491,270.1998324629552
255,40,False,280.0,194.22497060900017,222.61614592786333,276.3451887108726,255.2126292284236
256,41,False,334.0,225.4413042742408,289.05185583019875,328.43263537277534,328.4865168571108
257,42,False,260.0,172.05018524013772,223.65455003486645,234.83733728484788,261.5367070146627
258,19,False,356.0,254.22265225431667,299.77383162900503,362.3425302405337,338.4605979446621
259,20,False,2050.0,1347.628115046687,1784.4968716611138,1474.009845459426,2003.8437841807445
260,43,False,177.0,109.97993929653008,142.77565387790503,175.28127152152695,174.49641280335516
261,44,False,78.0,60.96723023484167,70.90137173703032,96.6895931914857,91.95297043837807
262,45,False,648.0,466.7588211865993,593.6316777601394,608.439739636185,601.4715614716943
263,46,False,251.0,417.4897111531002,295.57488683533245,354.4080619905949,344.7349500342332
264,23,False,104.0,55.48374012371762,69.3045429871995,67.02620507787083,84.43770869198113
265,47,False,341.0,210.770098979387,250.36342010590505,338.0012600191856,311.1897316678854
266,48,False,603.0,498.8643935367014,624.551684773654,664.6224521176691,645.3079782737404
267,49,False,1450.0,873.0699930704296,1262.247688465089,1029.4285191294025,1408.190786003681
268,50,False,244.0,143.7949966084328,163.25180771353206,241.43101867960203,206.00641941554804
269,51,False,166.0,139.72128705817076,212.99427576590188,187.47364382603584,187.9634172045598
270,52,False,378.0,223.93083140128024,262.99985896900523,295.8437756668178,289.20075954187456
271,53,False,187.0,102.64930651468184,133.70112256986334,170.81080084641127,159.8465865535395
272,54,False,628.0,406.8047590518989,512.3587456963319,579.4761660652808,495.8657785797749
273,55,False,165.0,131.8897784959241,126.88357058921814,179.3798282455796,173.2496203465939
274,56,False,368.0,163.00933226735827,177.5788162182076,345.5452114664536,283.93903414220284
275,57,False,243.0,340.0615067511806,329.2032439021704,333.3336619518742,316.510817273858
276,58,False,394.0,323.4278995158093,338.87539416825894,409.755357952344,381.023489725976
277,59,False,339.0,220.74009304874363,277.05280416477007,315.9527338288782,320.1323695364584
278,60,False,498.0,326.6902258537895,331.28989581473047,441.0416670054472,424.9337980765336
279,61,False,307.0,96.16870628920076,115.65289398803246,178.15610978950156,170.21387455180036
280,27,False,311.0,245.1282125632026,341.9686893048013,429.1815387291495,392.8676744685905
281,62,False,426.0,523.8112900075347,343.23303478393206,455.8892475542894,380.2907140916853
282,63,False,311.0,201.73337339568445,257.66787404590883,286.74172982248524,289.760194291014
283,64,False,83.0,52.85975188572076,66.0123932006206,87.56527900172625,78.88379769835873
284,65,False,371.0,334.2624717194559,350.57736367598403,460.8733148859775,443.7249585468426
285,66,False,338.0,139.88458278166328,160.360011543967,346.5361002722549,361.9822667335116
286,49,False,1100.0,866.6903280872586,1201.4080208866587,978.4802276863386,1269.595298237508
287,67,False,358.0,341.2295935528301,258.5579974499848,305.99175696293366,308.9684065551708
288,68,False,45.0,48.75713451877233,38.68110996631284,58.094700505100775,59.02513925247917
289,68,False,97.0,48.38255431343674,63.31896470237342,127.43657102461194,96.62841979477554
290,69,False,331.0,293.5424719407969,237.8301096604294,272.4581228741512,269.0472643462406
291,21,False,431.0,335.66444566497063,429.4430953844009,451.27322386169664,482.8178926562681
292,70,False,34.0,21.5583739367459,32.59955766337806,37.0037966215645,41.357985983785554
293,71,False,194.0,119.3338385300802,150.4617086683468,185.7409837598224,177.4726373848268
294,72,False,1381.0,1154.9914285396237,1362.374379439441,1939.998214260342,1435.9637774789078
295,73,False,464.0,327.97487571177305,403.44147167461375,466.709642774605,438.33650334435833
296,45,False,547.0,463.3140595595713,534.359754304072,557.1143788818431,525.9730411772081
297,74,False,668.0,410.8581284812662,454.4366170476456,573.2382614131726,550.9104988524226
298,75,False,436.0,322.79089457162326,406.4040944412553,403.1388360780233,442.43690793394944
299,76,False,365.0,364.6975930479936,337.78141899722783,387.14056421035946,370.40909122887433
300,77,False,227.0,108.44059347172534,136.93965212599375,193.3155065628497,182.0150306416026
301,20,False,2400.0,1593.504832705927,2201.1649125244007,1431.6412855661838,2499.865072366885
302,78,False,245.0,162.23899886264687,178.9414856809913,247.44632412696708,213.3405055199757
303,79,False,245.0,110.30525900401332,123.1491064153663,186.36680315451164,159.94170619392227
304,80,False,480.0,353.64352458337174,378.8031845577457,459.1007047628655,427.21958013549664
305,81,False,136.0,72.45720453957202,96.97156060339792,141.71173174307918,133.5872290252442
306,82,False,301.0,350.7951564047375,378.1868152664493,390.08739694182685,405.1499832148629
307,83,False,645.0,372.8427800346952,485.9910037840327,580.0883151782862,556.3872698514812
308,84,False,38.0,37.07213199655504,30.68239128886685,56.91933602398302,42.38543810635052
309,85,False,362.0,259.4015987514461,304.3633582272209,352.8068120510406,367.1437602732141
310,86,False,63.0,57.66725919703372,70.73991235127242,127.86255875889503,103.55803921860264
311,86,False,126.0,55.38043296069733,76.66640816739239,108.94275303070935,107.0305766831598
312,87,False,799.0,408.2351201864003,419.40101131766784,465.61088921608473,440.3868199555746
313,88,False,365.0,346.5314160843718,334.26330050788266,390.30038858994766,383.76196433772463
314,89,False,264.0,248.04538938303529,224.5129096349595,233.6276895142406,250.9569558568463
315,90,False,262.0,137.2325530314145,159.87671627602896,208.1529547860265,204.8394235128957
316,27,False,505.0,357.68337197975825,439.1140262710658,459.3848836919877,457.5220754183868
317,66,False,284.0,157.4584418386325,137.72627832678214,376.58001640569705,298.503680615133
318,91,False,265.0,175.47266295227067,224.9812588272148,233.62976948295923,235.61425379689197
319,92,False,117.0,59.848489612073045,76.04934275777029,125.22373284397958,102.5946572670238
320,93,False,248.0,163.6324688250195,215.8580466732727,255.0881665149261,261.68799737561426
321,94,False,136.0,72.86732122811355,122.78412335174885,138.56912421923337,140.52961770197714
322,95,False,243.0,178.84075911268107,189.5388018446806,209.6193807312191,215.0302585950205
323,27,False,356.0,254.40024171277489,320.59467385301144,392.81271407766815,369.1516163665404
324,79,False,181.0,84.36049722540338,113.77764824614914,191.9560839836533,167.81059928554004
325,96,False,280.0,215.11570645171847,247.55051539535756,296.5592907106973,280.745987401696
326,97,False,258.0,265.62634713367703,278.64119883753267,233.97935339733064,287.1278352380444
327,98,False,1024.0,685.6949775018045,951.7062070929604,959.3732231318536,993.9439472298906
328,99,False,170.0,141.71404935014186,207.25207933400583,255.19709165989124,226.80439083952848
329,99,False,540.0,293.06716350592285,398.04008399438817,464.5785953796815,455.9900628699237
330,21,False,242.0,226.19557063129295,276.5721760912752,321.8096401057461,320.0267861677239
331,100,False,258.0,294.64154705966166,265.89991558029703,289.41224118318024,272.2418210879146
332,101,False,145.0,126.83199274291724,123.41881297071154,146.00199158118625,144.95902439430046
333,102,False,139.0,110.14562664607018,165.03973925572612,162.76295533956613,173.49176285649574
334,93,False,154.0,86.53045548529276,141.15661893707187,176.75702612921677,194.10751485026944
335,103,False,113.0,45.550922283055655,60.702317047867055,83.47476590771595,81.96534805807015
336,35,False,485.0,451.0911598092249,539.5217108554173,558.7754428826232,577.1062003221562
337,104,False,36.0,42.15611257127903,31.34332532788937,53.10602987491831,46.39855146382387
338,104,False,71.0,39.61720579818014,43.7126767183661,89.62896926738787,66.30569332879969
339,90,False,248.0,130.5892484885337,154.67450665345197,191.09701445067608,199.09481069558845
340,105,False,222.0,203.47918812497755,185.25199601645588,198.503572568781,201.6447657587793
341,31,False,335.0,266.3974066217271,342.534693455034,416.33473879736846,413.5187164710272
342,51,False,151.0,139.72128705817076,212.99427576590188,187.47364382603584,187.9634172045598
343,106,False,377.0,266.27890922793733,299.22863993134524,383.54092715644987,368.6646192029472
344,107,False,49.0,28.72018211283939,39.00673805969706,83.48325129784996,58.11425329742301
345,65,False,202.0,172.6123981642107,203.32316342527136,249.00428338125857,256.9891455914332
346,108,False,266.0,202.53656700929093,237.6621652435068,285.4111084433987,276.19464134713854
347,109,False,1111.0,967.0819839199592,936.402463201877,1038.61398484029,954.4685884395244
348,104,False,55.0,39.780635015633486,37.37943562947979,75.63853838847069,54.99227973065679
349,20,False,2250.0,1537.5272288355463,1948.4276893924812,1520.54232510686,2187.924661745348
350,110,False,196.0,170.07625019384687,151.06559430503597,325.38564633071155,195.9689999412149
351,111,False,267.0,163.3845216855011,188.5005057215661,319.1712549309897,235.42780756108647
352,112,False,600.0,480.97488448980215,607.215904510282,662.0557096291495,628.4062308074701
353,30,False,176.0,131.99523984355812,145.85325281472345,186.2845823486602,194.0716978836768
354,23,False,94.0,54.58684157655346,68.55564098173194,67.95807107051428,84.52121423426476
355,113,False,240.0,139.26210988706987,137.185458991485,171.29594069210412,169.5849339837447
356,114,False,182.0,104.06543590453074,137.10610865848054,251.56247733763163,223.9543909314015
357,27,False,445.0,256.6514603410092,351.94432663516466,425.1633429091556,399.22499351198144
358,115,False,216.0,273.0611936527127,290.3391692699733,257.2339576989256,296.7881451219923
359,114,False,109.0,58.87951654650369,93.79117068200505,137.3178648247616,155.15966283414804
360,116,False,491.0,296.36328346539136,403.4539514115785,469.4970061556074,458.7772723540792
361,117,False,214.0,158.95762810215885,175.84878431791768,219.01991146171235,217.1098456243232
362,118,False,395.0,400.4023554406041,285.63171651129124,410.8252299881213,332.1293207978801
363,119,False,320.0,322.9335588979917,313.2063225584282,369.8799038547147,348.6814729659931
364,111,False,198.0,206.06088055424468,251.47509463777632,233.3191490128169,263.717216553326
365,47,False,405.0,248.08621924574592,279.1043700140027,393.57322971677576,346.9133548952631
366,37,False,61.0,45.56637884328594,43.59184104186356,71.2101836867227,63.20545187468254
367,120,False,60.0,60.5064570497449,47.55073059884858,33.57218656325398,56.14979894085621
368,65,False,188.0,179.38406618203302,182.51289924614645,215.40665682659295,221.18639535379776
369,121,False,35.0,14.254314414144822,26.0651147076211,20.82630045396581,26.510169029796536
370,122,False,349.0,308.3006345274041,421.3815696468581,414.18480810515,407.3638413735491
371,123,False,478.0,374.322847621473,445.24713615559415,506.54317728295285,485.9986876388051
372,124,False,162.0,90.50682728279824,107.25606201241573,195.4586490599469,155.0255548302476
373,125,False,301.0,412.2938356987213,376.1047079077699,384.2171093426162,397.6503399582554
375,22,False,196.0,140.27514102599807,194.91845198542904,189.0470281633281,213.98080700763333
376,65,False,405.0,308.0666213662234,366.24339132255807,512.0728862802198,477.8878000158894
377,83,False,543.0,358.5887034294305,446.788414446082,407.46020830578055,499.929800896416
378,57,False,249.0,340.0615067511806,329.2032439021704,333.3336619518742,316.510817273858
379,126,False,330.0,242.27304596260808,245.16436528369536,275.11421014224584,301.79811711482535
380,115,False,220.0,273.0611936527127,290.3391692699733,257.2339576989256,296.7881451219923
381,127,False,390.0,239.39395844829215,304.1973710310812,344.5302233156892,333.1627011496003
382,117,False,123.0,79.74717321888052,111.02701220096849,160.26037770086023,140.868659340017
383,128,False,246.0,303.74293306710274,245.02780244869555,321.7737046213356,301.1627055539601
384,47,False,319.0,210.06635711830532,249.80581598797343,340.4085087766013,310.49665647438206
385,104,False,44.0,39.780635015633486,32.379528877828434,64.82856395500585,47.703753987018494
386,27,False,329.0,198.4308136069962,296.4723648856571,400.8386118888758,346.3591969511507
387,66,False,421.0,163.53139927854835,177.95776640928716,362.0241744836886,383.4447332805615
388,129,False,78.0,21.5583739367459,32.59955766337806,93.96032122630544,47.90165727855905
389,130,False,626.0,465.7441346460035,593.8320573722052,614.9020049397996,628.6434871771812
390,27,False,392.0,267.9950272799591,292.7712339179841,325.9312252813159,323.6814143334023
391,131,False,583.0,423.9778304345641,468.25775549320525,604.469436766264,581.0864920541607
392,132,False,285.0,199.751618363014,241.51374041814535,285.4153459314925,264.21969884586485
393,133,False,239.0,131.72522481794064,176.67355573996372,207.70699164762905,230.6577874662306
394,53,False,172.0,102.64930651468184,133.70112256986334,170.81080084641127,159.8465865535395
395,55,False,165.0,149.48829522863713,159.0553508671524,224.43980064026232,215.62248166680823
396,19,False,351.0,342.6468112662279,365.7761225460808,437.1310716520415,420.66355577727273
397,134,False,400.0,367.8198549297164,379.54820941719487,422.7343989141053,417.03482437344974
398,66,False,221.0,92.5249545730772,121.73686064606603,286.2751783543313,244.4034935265272
399,135,False,183.0,104.09749660718596,135.24001575857693,159.66966017512064,169.32959331381772
400,136,False,216.0,135.34307086498177,164.8868817980822,182.98843951963423,200.66140156380084
401,137,False,220.0,156.5089170074862,198.65505656171956,238.5740807915048,240.94295158725043
402,98,False,540.0,695.5262314938237,580.0055630645819,575.6808337293053,532.0321908473918
403,138,False,1046.0,1114.168303470087,1318.0554059683209,1476.5224603712277,1275.3430558616644
404,27,False,334.0,199.4328011693014,297.46956275466414,398.387152364024,347.91088492068
405,27,False,275.0,180.64523443692568,226.47800393011352,239.3622500014876,237.86355106243417
406,139,False,404.0,412.6102812047558,291.3990248098257,335.86339070999503,310.9441867048687
407,68,False,90.0,46.7246859308899,53.81253075295032,119.46071886260864,83.51906580629469
408,140,False,245.0,129.49811918669428,138.81422857254609,222.8401253747332,191.2221154358216
409,141,False,129.0,75.28660147021945,125.48702010493662,118.27072155342256,145.08471975785818
410,104,False,66.0,42.89900872822678,42.76273917168447,98.114156207588,64.14087717207107
411,142,False,313.0,133.5920668974306,187.76628950391955,223.7110034131352,240.058195072684
412,49,False,1550.0,959.4929185773076,1344.228375026833,1032.2974890587152,1499.650210727909
413,27,False,400.0,288.0117698471778,380.0595351912613,442.3005290210456,428.2027782904608
414,49,False,1200.0,773.1842957536062,1113.3624673206216,952.9136483443511,1177.4076380330796
415,27,False,364.0,257.536636251496,353.4137895387946,435.0751836204493,405.202655957285
416,106,False,254.0,287.7195630784507,315.08295307246163,389.3493887893054,382.9839375929117
417,117,False,197.0,124.456962925247,149.3818798329232,182.86561381373104,181.62443521743967
418,111,False,199.0,206.06088055424468,251.47509463777632,233.3191490128169,263.717216553326
419,143,False,255.0,185.5501042110371,230.0151698995535,248.21756455735505,246.2798933617457
420,57,False,239.0,340.0615067511806,329.2032439021704,333.3336619518742,316.510817273858
421,47,False,297.0,178.49539457522158,224.10397137002136,271.7313105483299,271.11058703547656
422,144,False,408.0,282.9081397388196,328.1877734295236,359.72213706026366,353.2622601181599
423,145,False,227.0,166.2872075030926,205.45858180243536,251.48938773525012,252.7102859941021
424,146,False,180.0,127.33790394335183,139.58761921963247,154.09135888140705,168.10172723732757
425,147,False,322.0,239.47073831907204,216.0786244088696,270.06481487954136,250.576533913462
426,148,False,537.0,433.359234060183,434.4544328432614,470.3006389945881,515.9910477672715
427,104,False,71.0,39.61720579818014,42.19200468728265,87.4158383805817,63.49132779205446
428,149,False,332.0,276.3173914810388,318.3093633831538,377.2411727377136,361.4078119830968
429,150,False,444.0,486.8031895145717,461.13520706832026,487.82612118877046,443.4775337096471
430,105,False,198.0,195.0911325509184,180.12524528046575,191.25616400862197,200.3925015415943
431,31,False,292.0,197.19620749191785,260.2037820701101,287.9661870554343,308.5270020997325
432,31,False,301.0,190.0685609383972,299.5737689499913,301.611242473287,338.64929922737883
433,151,False,241.0,356.09416539529127,267.83405318283604,303.1575590754496,309.8361398739155
434,152,False,1659.0,1449.892072247455,1993.152535381574,2136.628305283442,2285.2963030718447
435,153,False,150.0,154.77246266697446,159.82782646507772,166.63782452824134,172.24659237591896
436,111,False,356.0,257.5972861827159,269.05862002590163,368.3612583407668,321.7697617503771
437,154,False,433.0,281.3572870063648,339.876959157497,406.84619086494297,387.2132451215932
438,75,False,534.0,363.3258812313685,439.7522951702832,465.7530926519742,480.5430546923823
439,155,False,686.0,607.5589273937655,572.269424386936,694.5412766354377,647.5025952278779
440,156,False,332.0,200.67022288327323,310.80183755328954,300.4843837298753,334.3542247336659
441,31,False,422.0,287.56958955774206,394.81371492887786,459.9102589544861,461.1982387269919
442,157,False,294.0,138.04029341954927,175.0481404079691,265.2358169422033,248.8429775043482
443,158,False,177.0,108.4958762762949,140.5202903318923,184.3248853524047,174.4216069716051
444,159,False,2681.0,2637.534849058871,3356.2026480289705,2236.0861966664606,3597.935976658639
445,97,False,282.0,309.4848898129576,279.02802810371986,247.2854436340924,288.16778964195
446,22,False,184.0,179.6093752651052,229.83622460880417,209.3230635340138,251.8730893079357
447,160,False,170.0,77.1328307998611,103.815089537075,117.85131250678587,115.60318923919716
448,19,False,356.0,304.24066484203894,337.90586491762497,427.8840000534898,400.9020454890107
449,29,False,825.0,697.3511927148328,862.8287178336773,834.7986395436753,807.93254343411
450,29,False,257.0,285.90148664705146,292.8089136387951,325.26170935385426,315.22555013295346
451,161,False,418.0,225.76751499894755,280.7164772661405,383.9321901949658,338.9683043229667
452,162,False,204.0,110.14562664607018,165.03973925572612,156.5096967704386,169.04797384058205
453,104,False,56.0,42.89900872822678,39.63307101285572,87.61395866617596,58.728937758552114
454,127,False,365.0,243.0868239671908,307.31772677113275,345.5916083949836,334.74300993873226
455,163,False,579.0,605.8711760294593,601.9325006357468,573.2232674606249,558.0772177010259
456,59,False,531.0,273.3376836589818,372.3621484962805,390.1874437931699,412.91473809341255
457,164,False,183.0,102.52231540870312,154.72475972114214,189.9320539194784,194.4148684817053
458,165,False,696.0,614.2510880933278,578.76659950058,664.782557856056,604.6101172178351
459,68,False,66.0,46.7246859308899,43.6820699996818,82.20225629292543,66.37602077194069
460,166,False,789.0,436.8272830104612,473.389440272314,841.7311371126316,730.3530219434309
461,167,False,236.0,155.01988614008567,208.6643083733453,262.4889598835088,263.5366716244525
462,104,False,67.0,39.780635015633486,41.69113679224232,93.43713942257376,62.78378078111345
463,59,False,339.0,189.61106443786664,269.6833852983458,313.9999327858064,303.68178801370533
464,43,False,198.0,109.97993929653008,142.77565387790503,175.28127152152695,174.49641280335516
465,82,False,443.0,471.1143633331368,460.3500789254514,535.3844761883704,515.6346317448127
466,168,False,357.0,198.02319354408235,303.7038790087683,339.89476306882864,366.5230802487466
467,23,False,104.0,56.77073937821439,70.37216598787292,94.28191978217728,89.85336112790657
468,169,False,197.0,103.33295432726192,132.60519156620185,186.27706270044803,189.1361834994244
469,27,False,467.0,330.2231207584384,416.34158750032753,477.9272081037664,439.22880397631616
470,170,False,965.0,962.8254677115492,972.1727333869104,952.9337029870336,1038.8897452615815
471,171,False,71.0,39.057703758352254,69.57877200372954,98.13011510422166,78.85411113694893
472,65,False,331.0,332.02657724947267,349.0122653180288,449.1649625882045,441.7440171742352
473,172,False,64.0,44.55346698998684,61.0915393411888,75.96159892159443,74.39981808521158
474,86,False,88.0,59.74890875493863,56.94451226030516,90.9335006157113,79.83793546419507
475,111,False,249.0,250.5384830290548,234.5137783558436,368.1514534109293,286.0568619006404
476,37,False,88.0,47.48442520332443,58.17960324812106,111.467486956872,88.50220366886394
477,170,False,1041.0,976.0955411001628,1115.3057043389006,1109.0566938938932,1209.2608383413367
478,111,False,200.0,206.06088055424468,251.47509463777632,233.3191490128169,263.717216553326
479,75,False,498.0,344.81903438572994,424.6893582125265,464.1594618269594,499.7449675727875
480,92,False,105.0,60.771705991797695,76.82943169278319,123.23837551617154,102.68211449547576
481,104,False,79.0,39.61720579818014,45.44995927013478,89.71621276531133,67.92473306321475
482,105,False,137.0,187.6652871470907,152.87744976421573,159.30169212625222,170.08440876902753
483,173,False,160.0,103.99475006773282,142.79737442472938,175.4724255002467,181.04346779488336
484,33,False,271.0,219.23285258569567,236.9460307810684,278.5171465959557,269.3094226900355
485,174,False,400.0,364.1302191818851,270.0547989959104,403.0514350102039,329.4366357573086
486,175,False,430.0,302.85503630811377,347.1544957353244,412.402303391513,390.3269262533411
487,27,False,378.0,272.79122856989943,367.2352933973262,435.1716993611701,414.7282201785292
488,176,False,1099.0,403.7578403904994,482.70688642129073,752.2778391240018,976.5527460860644
489,177,False,180.0,91.08403523669776,125.45288164763332,164.77820652882414,175.16482077030864
490,33,False,230.0,176.53770527777758,205.08662248366304,261.7573991088238,238.01240390849324
491,173,False,243.0,150.08958739723084,182.3670282161739,239.74717733431604,211.60572454293492
492,59,False,292.0,251.6581673730364,352.4032249126804,378.65799307851904,393.4370632362478
493,71,False,148.0,125.03897875833894,123.1980581501266,136.59084796819798,145.68116833135736
494,125,False,397.0,426.9963199461904,384.99370643731487,387.9972300554003,405.5328031986092
495,178,False,149.0,110.14562664607018,165.03973925572612,158.42030015965,180.7392533908113
496,111,False,202.0,206.06088055424468,251.47509463777632,233.3191490128169,263.717216553326
497,111,False,320.0,194.06627447111975,239.435077174444,291.5509012032378,277.5393378358244
498,179,False,152.0,97.90785909037992,127.8683183737726,188.61272107940627,167.92415126684813
499,52,False,343.0,219.85103959057184,259.7956866666174,295.8437756668178,287.2946580763005
500,49,False,1450.0,913.5458609177758,1300.9644988236528,1029.4285191294025,1451.3840959289932
501,84,False,57.0,37.07213199655504,37.700128495810695,93.3493121405989,54.67166433722623
502,180,False,252.0,160.8686030091999,201.6553367892953,232.0458717293659,249.58035007910388
503,104,False,57.0,40.30895344281119,35.895415261693294,64.86148599412138,52.74385045820034
504,163,False,580.0,608.2059483647624,603.4779053658197,597.536734940988,559.7209248726932
505,28,False,240.0,121.11800619261376,149.85117035570025,180.8665975192125,181.95908892640003
506,124,False,215.0,107.64842942489706,120.4035851645084,200.00008210551587,172.13595767763084
507,105,False,174.0,190.00092105039917,176.97830693255972,192.75546714821425,197.42174817682556
508,181,False,361.0,292.3167759392492,237.0643477917611,283.78027507675137,274.8468868016456
509,182,False,105.0,56.715185227977095,84.0938925011529,100.76996342640928,107.39440292797129
510,111,False,258.0,171.58806881598736,177.73290280575668,388.0706108690839,230.4655761175792
511,111,False,201.0,206.06088055424468,251.47509463777632,233.3191490128169,263.717216553326
512,183,False,483.0,353.25582781265183,423.3591859886576,443.25160156471287,464.7770875207471
513,21,False,254.0,195.19522502784665,250.6870399010604,309.8668342915849,295.3471280482904
514,27,False,512.0,285.17625475121207,377.56093215512914,449.4550089602591,426.2162601646702
515,184,False,88.0,70.7487880001639,76.56231039233646,118.22408591856,110.52112860636684
516,27,False,534.0,278.04367753350346,371.23891235993966,416.1419437358004,406.1082027707651
517,185,False,503.0,418.4480340318908,420.1492462782253,548.2905859578095,491.9761697647646
518,186,False,183.0,95.54287953115292,124.68424804332328,164.23402148778214,152.58314296417444
519,62,False,318.0,236.21283150714507,212.61358712689963,349.08007795949754,267.0089596913104
520,62,False,287.0,483.1420984654544,325.2288757857098,353.40576274658576,359.3867605680185
521,187,False,31.0,21.53904684197516,26.46711342001496,95.35120388358564,37.81147990134278
522,22,False,211.0,170.5278077660944,244.1745331693828,224.39596998552983,258.73117396679925
523,93,False,214.0,129.7053546607927,184.88167104943125,212.1507821360972,233.157809476502
524,160,False,135.0,77.1328307998611,103.815089537075,117.85131250678587,115.60318923919716
525,104,False,85.0,42.40962526591778,52.85453448160348,123.54508856884355,79.72610226065474
526,140,False,181.0,101.60663758096308,131.0687942111784,185.8495885071513,181.93178526756373
527,188,False,88.0,68.48696951996384,75.54918156132571,107.15558274931254,101.23801156600328
528,111,False,356.0,248.742485084374,282.523367983686,387.34581758530055,337.8723818485106
529,19,False,302.0,211.7883697971601,265.4110257389885,337.5077704599265,319.1440508641699
530,48,False,489.0,510.149400070116,476.6225760315255,489.901721068616,468.388077851595
531,116,False,332.0,282.7753999197,321.3436971013749,369.4575941555041,367.83707206220106
532,189,False,1662.0,1025.5759511777503,1231.457617178102,1205.1784610102636,1165.767672130976
533,104,False,49.0,42.40962526591778,35.44173522559852,80.33996057097261,52.856775076023695
534,22,False,165.0,178.51142062262315,181.6769442298581,195.42028626450852,212.30673360418905
535,190,False,530.0,421.16090710128367,420.9245614923533,554.0460065331806,491.8302435350966
536,27,False,371.0,276.50131470912345,308.137740397768,345.3674596221588,340.0088929115838
537,111,False,203.0,206.06088055424468,251.47509463777632,233.3191490128169,263.717216553326
538,191,False,334.0,207.097830672098,316.0707820539554,335.650894300038,365.5916662161349
539,192,False,960.0,1071.8140760609112,952.4500670126477,951.1424471408396,978.3602562671928
540,47,False,286.0,175.01200764391564,221.17877099794535,255.77951194006772,267.9203154437884
541,79,False,201.0,110.82434544290156,136.8534311085535,200.60543839992812,184.42088256221103
542,193,False,24.0,14.254314414144822,26.0651147076211,35.23989679813195,34.7352659059595
543,97,False,258.0,265.62634713367703,252.0010187883252,212.95777523121495,259.4411033131482
544,122,False,306.0,308.3006345274041,337.3440899749556,366.0750573292736,348.27229728521905
545,194,False,235.0,115.74429521579022,143.02140046131512,293.9094820173464,277.68411099754366
546,195,False,1356.0,801.8142944340199,841.6431020240467,1049.6211910502443,1103.0102639226309
547,196,False,36.0,21.5583739367459,32.59955766337806,31.597265977175027,45.36490875828608
548,104,False,49.0,40.30895344281119,33.48255780817845,64.49228059031793,49.31462271582036
549,62,False,240.0,232.1747077719892,210.1835047282333,305.71163903796014,263.55174134589754
550,30,False,194.0,154.97646116184077,148.567321329499,188.31826165371055,193.5605002676636
551,197,False,285.0,203.90809814564423,241.6012725757423,275.0176529200787,264.61860430869507
552,37,False,87.0,46.11252544030405,57.053536594674725,111.64101164165528,86.02104481072682
553,23,False,113.0,57.25641942115973,80.50204621527229,92.20895860999894,100.16403035704931
554,35,False,317.0,335.88573449240306,443.22789749876085,426.2179209889192,447.3440735051769
555,198,False,257.0,327.28680720843425,295.60917900468297,402.8086179007181,318.7658135475117
556,27,False,400.0,238.37697861787808,335.0330745683221,418.4859655511644,391.6229965477968
557,199,False,244.0,159.61292759073763,210.0855695366937,247.87247437484336,264.35395196591827
558,199,False,1165.0,701.7752160382148,973.6315901352712,1424.6078257412723,988.0543755429871
559,173,False,108.0,79.21441464091453,119.10100425885275,143.30143903936172,154.69663633248743
560,200,False,1107.0,948.8426772707828,922.4720594038624,936.6830836206748,1047.3531110156953
561,27,False,334.0,264.34077408407734,359.61150960035684,434.1733757496505,405.7995258079813
562,114,False,172.0,100.2008266245843,106.11008703025878,208.32595865452575,173.32116227716017
563,49,False,1400.0,1006.6936535014016,1327.5354103744212,981.3491976156514,1402.8811910305783
564,201,False,324.0,215.68327879335192,236.8153980986511,334.9760820560001,301.39122751627497
565,65,False,489.0,333.6050287390764,386.2143671167392,545.311840528377,491.6746290026582
566,82,False,363.0,434.5904274609163,436.2386049548295,504.1494516047852,488.0809384853096
567,27,False,547.0,317.1974712616666,405.3199246042987,433.6770118881248,427.5706524566951
568,27,False,191.0,231.3128167655221,197.9364795020567,216.06971090091943,217.8034039078576
569,202,False,314.0,338.4423534371874,321.5869612211695,324.626101179946,322.8748755945062
570,203,False,2224.0,1983.2168330188283,2336.244801054268,2242.673044611884,2283.3463318153745
571,59,False,411.0,275.87255413952,346.272022984864,388.788825616538,387.9647980383855
572,204,False,288.0,158.33934075647835,195.72978850860892,262.0892367368756,239.23679109905345
573,205,False,560.0,406.8043695722183,380.6311447461747,542.455015313531,463.3552787166799
574,86,False,124.0,59.74890875493863,70.15071211693379,133.70614871979137,103.46799035390626
575,170,False,1021.0,974.4677317675436,979.9938834476656,967.940773828414,1047.2476350842708
576,206,False,129.0,110.14562664607018,165.03973925572612,189.9046441299076,192.98128416094244
577,207,False,265.0,181.36710177487407,158.7040972176965,213.22037284178657,206.5412504917212
578,49,False,1300.0,859.2703211446325,1194.5411126675745,973.7607614337924,1262.338650839779
579,208,False,446.0,513.7329957766934,338.65726284223115,365.9438588422323,371.0110950116527
580,83,False,489.0,348.76248550553714,362.68432354427694,371.8468933871033,415.3911980164552
581,209,False,117.0,56.594260760841166,77.64598997315979,90.26815226657315,92.65936353920512
582,210,False,98.0,61.15828336322405,91.58861708468604,122.69712646111,125.94361617598553
583,97,False,343.0,309.4848898129576,279.02802810371986,247.2854436340924,288.16778964195
584,103,False,123.0,50.4346137317239,68.99179744073909,123.9975838475766,92.75157775241
585,23,False,100.0,54.58684157655346,77.97991787254301,76.82438144956512,93.6864467979782
586,211,False,33.0,21.5583739367459,32.59955766337806,44.77665216250188,44.867491129862586
587,212,False,360.0,305.648221641598,318.9214314661401,380.18381343380736,369.9961785885333
588,59,False,394.0,260.7620500730457,309.60264371712606,342.2858310590853,353.41371739192493
589,23,False,82.0,58.03957451237324,61.89398422312784,56.65464873552884,78.92995087762836
590,90,False,236.0,143.09824789870768,164.40057616258954,202.10181358878347,212.21656051349916
591,213,False,825.0,598.3518880242564,754.3910362832298,834.8647564776325,806.5238173105753
592,27,False,356.0,192.78707364135687,290.82389256515256,396.2407575047681,339.2737559229644
593,97,False,304.0,309.4848898129576,279.02802810371986,247.2854436340924,288.16778964195
594,83,False,396.0,228.3186413414376,273.4449176738657,302.64222036716075,312.253875726558
595,27,False,374.0,321.1405256223802,409.4374409238962,448.9551061850272,429.4860257666098
596,84,False,73.0,33.55830586531448,40.73145206342555,81.59151377648163,56.54624558904093
597,49,False,1250.0,826.967094871374,1217.4113943612836,1018.751149527308,1359.1574510842952
598,90,False,190.0,125.49759200367154,150.6274253920593,181.09748103807843,195.88238314504335
599,214,False,181.0,117.1830259121064,148.151242156676,182.3571322704243,188.8378445026296
600,215,False,210.0,147.87487856776303,191.2801192563284,225.340649218902,232.12336595535567
601,104,False,52.0,42.40962526591778,37.13193574213515,77.5094051852239,55.26474962362715
602,160,False,120.0,77.1328307998611,85.7787751918657,101.34006650063526,98.25370433201024
603,216,False,904.0,646.0614559002881,749.9330693921959,744.2976394127049,810.0754445616434
604,217,False,1079.0,959.382436902342,929.8528210156736,1049.643590049399,955.3097345506554
605,217,False,258.0,286.609285151505,259.61639147044554,291.39665650925934,270.8425232906385
606,27,False,389.0,261.4632701985767,287.99461801358814,325.93727826070835,321.2883298401701
607,218,False,889.0,901.9768556268834,916.934066978228,929.1005065395752,997.6638296120952
608,114,False,185.0,89.01746177014935,123.54806205341832,223.49860930425413,207.46235664088957
609,199,False,294.0,170.6991296985301,219.70421288418265,227.14019373321736,261.6884433668424
610,104,False,57.0,42.89900872822678,40.577068241374725,87.68966979611562,60.01168981659465
611,97,False,319.0,265.62634713367703,278.64119883753267,233.97935339733064,287.1278352380444
612,83,False,436.0,346.26236376944007,381.3091911019766,373.5269441915465,436.6348488364283
613,98,False,550.0,705.2204444149361,585.3825145447031,580.3273111769668,539.8180982890077
614,19,False,365.0,283.0397618056006,320.19274841718953,385.7954556058045,371.1088226618298
615,19,False,356.0,304.406147946384,336.091215430565,424.33743863770593,395.7606167559159
616,19,False,351.0,339.3485035685956,361.342329959226,433.9767247455854,412.44994289358544
617,19,False,356.0,254.55259743178644,298.31372623977643,358.79596882474976,337.2324308501848
618,134,False,400.0,367.95087439420377,377.45860504789965,416.4353858804481,413.7293449734666
619,134,False,236.0,379.9623518961558,297.1714003950099,295.8104596371111,293.6793110612347
620,27,False,200.0,361.22734678718695,278.43783234448506,308.38597676987507,295.48105754689584
621,27,False,389.0,260.4847441882029,291.20819038689564,329.94164306804566,328.26336090662204
622,27,False,364.0,256.9244208134359,352.1800503070957,385.353475891164,397.74150933826365
623,27,False,393.0,267.46324951989493,296.3863064929677,329.9355900886532,330.6664625264071
624,27,False,378.0,272.0161424800134,365.8397953059895,385.4499916318848,407.1683754588043
625,27,False,374.0,318.3047548279349,406.2467607830628,465.5598342043447,438.2217411925974
626,27,False,312.0,244.68281140163083,340.9024598451975,427.8720480731366,398.7783062605989
627,52,False,343.0,219.1186141085329,262.7633725507588,300.6819027084248,292.85393959477403
628,52,False,378.0,223.17754051669047,266.0052002681846,300.6819027084248,295.1837666390892
629,219,False,372.0,283.6269912867771,307.68497498938007,356.2861111657277,338.8495737758966
630,219,False,443.0,280.9079611912938,337.3904807350239,395.57048749372666,380.2628870945698
631,220,False,463.0,338.57570214766946,419.2534199748518,483.4662446391176,458.2427788363254
632,220,False,440.0,341.57465975382337,423.5432949447611,477.6510560689684,458.30536509098295
633,220,False,579.0,613.3670179077711,612.9507294800976,574.3617807452267,555.9667670676257
634,220,False,581.0,615.2117349087742,614.1790909408966,585.3018483147597,557.080931905524
635,221,False,140.0,70.79812061091381,103.92642482583877,134.97935684465966,131.3528385344521
636,221,False,130.0,73.35791029048947,106.41662196897975,129.15586825688018,134.44746770629152
637,177,False,200.0,95.8564998157076,119.50571242967824,155.61749708346656,165.1591104918676
638,177,False,160.0,99.6830736989736,122.66534971583322,160.26294909491398,168.80571476429117
639,222,False,204.0,123.0177083289231,137.11277450013296,220.1983332212781,207.53914624794152
640,222,False,220.0,126.39958514567998,139.61430853167263,214.86287871574447,210.33228540781545
641,223,False,240.0,151.47527930138057,155.65448254825026,292.5575204055395,232.9707168354747
642,223,False,235.0,146.4911686392946,152.22106396090706,272.068616659425,226.89917081430687
643,177,False,118.0,93.32518800848328,86.61854185410212,104.84718453844994,115.12331069667636
644,177,False,132.0,96.63393752688545,88.65394585609735,100.4922373374651,118.17802779972406
645,177,False,210.0,97.71195902750978,132.93970577939743,178.08222533749998,185.03567172237192
646,177,False,200.0,96.16822909324704,139.7776476641603,168.90908481817675,187.13687785525804
647,177,False,223.0,96.63393752688545,140.22854642475158,169.09960090188795,188.21113802378437
648,177,False,220.0,96.63393752688545,140.22854642475158,169.09960090188795,188.21113802378437
649,177,False,170.0,98.32266471683296,121.89206354462236,155.5166886877444,168.6859972243332
650,177,False,190.0,96.47895116005228,120.363475161841,151.49925734156696,166.15082176414083
651,177,False,169.0,91.54431823849038,106.9701338139488,137.22368975737123,146.82025781885406
652,177,False,160.0,92.84288406657777,107.9793456213421,136.95948318944113,148.3156961655797
653,224,False,189.0,93.4854030414642,117.52677632208348,147.0704835775095,151.10156999895486
654,225,False,192.0,93.80501218931482,117.79449199956544,143.0269420712294,166.8435966818814
655,225,False,160.0,101.0251650190746,123.7639038589538,149.99222143036104,166.78062446911022
656,226,False,150.0,97.2514130590142,120.6622911912752,198.2063324251935,183.17601105465005
657,227,False,301.0,187.3210191568432,266.6148300722636,318.27301657971776,314.0658761384205
658,228,False,292.0,193.98480274446905,272.9009828676136,313.103357033662,324.5729725328037
659,229,False,660.0,662.5649366063162,642.744413106482,731.7327397039478,739.2900031484659
660,229,False,660.0,680.720762182038,654.43322848643,735.6851044200472,717.7818374530501
661,229,False,750.0,626.4443361809157,709.7645306885871,780.4150632248918,861.4581585150377
662,229,False,750.0,660.0504495975431,734.9267499805409,784.117563043684,878.6154197124787
663,229,False,635.0,660.0504495975431,713.735394272804,798.5940938023625,866.1843034608158
664,229,False,600.0,660.0504495975431,713.735394272804,798.5940938023625,866.1843034608158
665,229,False,400.0,403.0301162106872,489.8074606383045,483.9773641166738,506.0723705391308
666,229,False,660.0,427.5426979603324,509.4716923130852,528.4258645802216,508.7156241169516
667,229,False,540.0,416.53116513989687,500.6859410359392,475.6034055108437,536.0047550963844
668,229,False,710.0,419.1791966746441,502.80572050870353,478.6924349880854,536.9019945410605
669,229,False,600.0,424.9467863005909,418.23409853917934,483.8303625395097,463.5344505758154
670,229,False,600.0,444.7932922659693,431.15678467951614,460.0521155402421,478.81322352923104
671,230,False,190.0,147.1682170875894,214.7100755469221,221.4842321384773,240.5506253314535
672,230,False,240.0,164.6309643731186,231.37552677636955,255.29328039978088,262.1045522864689
673,230,False,312.0,227.5670593495176,287.11067315835504,272.4081547860063,304.4382119367287
674,230,False,341.0,224.89285297905155,284.8569642619434,279.0106691902847,302.33230343977306
675,231,False,186.0,156.33338824955578,145.20591769817818,189.9318388142627,197.9555845696698
676,232,False,450.4,315.5018324035536,349.44051404934635,377.68356375483,396.56759436157614
677,232,False,427.0,315.5018324035536,338.0869271382622,375.370283694425,383.2297572782004
678,232,False,302.4,229.05648499180847,222.29893185377037,331.72315724033336,276.0736623418798
679,232,False,307.0,226.77444551975597,248.3557673157821,325.14511851504744,328.6843136908309
680,232,False,306.4,226.77444551975597,230.84380684799976,292.6475743713253,301.2424662387342
681,233,False,274.0,195.32659982578417,218.7741613861899,297.5897463576332,308.98720477126767
682,233,False,277.0,201.5186319202157,228.07761021346928,312.01845987404494,319.6444336763402
683,233,False,249.0,165.5839782544114,200.08662470337725,268.9469473348107,276.2009964794546
684,233,False,240.0,195.32659982578417,197.3343078882856,284.430557685581,276.7470955338896
685,233,False,170.0,157.57996382901558,147.17177736662288,215.02437051993545,193.03429537149268
686,234,False,503.0,471.81463266249904,445.4137479839556,541.2557103291774,519.6835030020819
687,234,False,537.0,489.4615415467785,460.8197211369088,584.9589960163588,527.988502631278
688,234,False,799.0,747.25522289978,655.4148019421438,831.2010395874615,682.0405983664261
689,235,False,301.0,282.2840910961645,286.06689625979294,277.01029222724515,287.8482996452729
690,235,False,363.0,334.209832592425,320.15194944309894,310.68966805245634,328.2196544765808
691,235,False,443.0,355.9014015863615,333.85903540332185,341.5829292554799,357.67938327865045
692,236,False,423.0,399.020535864715,388.42468916916425,403.3006172181729,414.908160727936
693,237,False,615.0,693.5273291435925,711.9843332322638,786.0049503486671,652.687477196174
694,238,False,230.0,200.45565082304103,204.81717138905037,292.8734023020939,273.2557619769606
695,238,False,316.8,206.08074889668276,257.8025177708727,319.3447847562949,330.47637699606986
696,238,False,443.2,323.0807190807835,355.8416522461994,376.6570896659621,394.9926307046317
697,239,False,586.6,448.3736488638944,435.131956828802,474.4527326205968,459.6738449910055
698,239,False,805.3,430.251837521113,571.5863246555226,674.2126246460147,636.3539479176933
699,239,False,522.3,434.0400724081469,425.8083209582293,477.39609929807,442.269595138162
700,239,False,796.8,407.2585704097293,551.0362400426623,670.7167161675388,599.5780254794674
701,240,False,356.0,255.3773473110425,291.04956977269626,334.8544612270707,366.3252703297488
702,240,False,470.0,365.9433297604232,409.0362491309282,453.1643440943526,481.1881447279538
703,240,False,646.0,497.9146116084146,545.9092676724653,663.9148507787206,688.3906262514046
704,241,False,408.0,268.88756601480964,290.25901422620484,391.5984240551376,384.2185242849363
705,240,False,360.0,252.18500497953588,288.6189797223041,339.9394149639656,364.34780210990135
706,240,False,357.0,280.7791957347777,280.6317447079436,375.3214540770793,350.43932941379245
707,240,False,293.0,292.9240311070432,257.2657262428187,363.0188138582948,305.9860899942448
708,240,False,412.0,299.5410161629888,323.70512834236047,357.70092873856566,392.94526272274175
709,240,False,354.0,305.3323268446556,296.7622834221859,367.72000351836175,360.89493108294346
710,98,False,440.0,808.0275178731433,584.2406990471552,651.7355258264222,458.34365456816766
711,98,False,408.0,737.624831040049,549.7915473420111,597.2906809768147,426.7874047067549
712,98,False,763.0,761.4435785403348,809.9159349535673,745.2801410554416,767.2068190446319
713,242,False,140.0,222.64107972351331,177.7965516687366,85.53854738344927,167.53044666954082
714,242,False,115.0,222.64107972351331,164.06334055905344,85.53854738344927,154.59020137333872
715,243,False,989.0,895.9337921512896,893.6430891025041,909.353582667925,907.7581446398516
716,243,False,1433.0,996.1896965159413,1220.8859740315015,1068.241678420724,1241.8701365448535
717,243,False,860.0,833.9915988883728,863.7156259293688,795.3701839863859,874.4796037895547
718,243,False,1094.0,832.7756245475234,1073.9047910989957,1042.7204445291195,1127.6215593637403
719,243,False,839.0,753.124653737312,801.7930153739863,781.0964886721873,796.5631275792005
720,243,False,1102.0,714.7252881051731,955.368439138324,909.601093070988,962.1838226897024
721,244,False,479.0,494.5288986980311,450.6598054600886,575.8651802376194,522.2322217459567
722,244,False,678.0,485.71001294582754,681.6610577495343,839.3123191900929,815.7529189034705
723,244,False,675.0,630.4031261242025,570.7377747820756,615.6977331993387,650.9922125371527
724,244,False,798.0,620.2052259137217,640.0941450881987,690.258965752573,760.596294115257
725,244,False,811.0,608.0253609405527,654.557382048006,736.2145483519234,783.6542208110977
726,244,False,802.0,628.9577595740302,762.5943639097761,897.809147145819,887.6030823776911
727,244,False,788.0,528.5279851970294,652.6675604687086,791.9161883392571,732.2652581537856
728,244,False,801.0,479.9589183556197,579.3984666422493,623.0437511721548,638.0139892842544
729,245,False,219.0,328.9617057383732,238.4443495159502,298.27645295915954,285.20070029937443
730,246,False,228.0,279.63584757806,205.7316902647365,183.40821949423523,225.6098691707057
731,246,False,481.0,406.4928415185712,464.40049244181154,479.7190823469293,510.0299107980911
732,247,False,682.0,487.85681154109056,789.2919884311887,1037.63964373318,828.8166913208297
733,98,False,974.0,754.7149319194516,1014.4097581929932,1063.3216774773418,1036.079912803897
734,248,False,1324.0,1111.020170767869,1239.4174130196384,1101.7486942945038,1169.9593536179111
735,249,False,1625.0,1160.144168622937,1537.190687284654,1636.673179867917,1648.6957669289045
736,250,False,2491.0,1897.4128492921088,2501.866764787298,2188.09109942926,2513.703938924363
737,251,False,473.0,392.5100244891842,430.5815087670562,572.3856768288168,468.20317216815073
738,251,False,600.0,376.9831424116999,478.5639712561189,669.5373855244301,554.360843845962
739,251,False,723.0,497.7552181538632,504.4662168776736,616.6807342396838,539.291681610916
740,251,False,801.0,475.1327154552715,558.3870479596491,727.307093470878,624.5854091614533
741,252,False,678.0,407.4456393022265,441.4362454773097,545.6062967252033,449.39952574024926
742,252,False,692.0,402.7889647765937,500.1616877973472,622.6395546186369,539.9942836502238
743,252,False,691.0,467.7968926305518,484.0160484579311,612.3737976080657,524.8911439587732
744,252,False,855.0,462.3886543093375,548.3571268227184,697.5184009840846,610.2657918827953
745,253,False,974.0,1009.3814818986922,1035.0456753819092,999.220441682796,1020.9565120185672
746,254,False,289.2,274.1609075234834,276.20906151123285,320.40303139623046,330.27498008093806
747,254,False,412.9,419.9535398830821,360.6624557191945,508.25610913679895,436.2309697374735
748,254,False,429.0,413.2920697681957,384.24344788869,518.2384362316392,453.70179323678894
749,254,False,460.9,413.3153150285815,407.8688687099617,554.8614344082797,485.2307247342024
750,255,False,393.9,181.48334804441663,233.93978659972356,258.0210307850816,262.3042176788783
751,255,False,361.3,175.7640938398065,228.99869493836337,260.9570702133892,260.9587652463474
752,255,False,385.2,179.44541677385115,232.1851721523288,268.22184566992763,263.81893166223495
753,256,False,985.0,681.6984670542498,932.500775284222,975.589684928028,961.4251633544844
754,257,False,961.0,707.6003826612944,966.4937317509076,961.3198360764952,883.7725395310714
