row754,Vu_ACI,Vu_EC2,u_ratio
1,200.3619125482685,159.42692977355463,1.0
2,160.230207826115,125.73354309213727,0.7970499999999999
3,173.25000000000003,135.4660218748962,0.8564499999999999
4,182.78333296556337,144.13093988436046,0.91245
11,243.4930836110135,319.4484977302216,1.0
12,243.4930836110135,321.40835349194873,1.0
13,243.4930836110135,316.7973506188359,1.0
14,238.16695291160778,312.1606248698078,1.0
15,215.49713557326575,252.45447616848665,0.83585
16,215.49713557326575,256.33899953278143,0.83585
17,215.49713557326575,251.13270076598113,0.83585
18,159.3401262461056,180.51886252173844,0.6717000000000001
19,159.3401262461056,177.29461967347282,0.6717000000000001
20,159.3401262461056,179.45696229111917,0.6717000000000001
21,172.80408141174198,192.20683068369732,0.6717000000000001
22,154.33744548984762,169.9115870345186,0.5813999999999999
23,161.7336699639256,200.86919157600352,1.0
24,111.19189810019884,141.26125897582446,0.70325
25,101.08354372745347,129.44010705157663,0.6444
26,96.02127985758263,122.61055453799256,0.6104
27,127.07414449065634,155.73388422887552,0.7753
28,139.67319738084615,169.53359769014693,0.844
29,145.560302967533,177.28714848498072,0.8826
30,129.35458923714768,157.94344533621157,0.7863
31,122.1089208227638,151.3147620142034,0.7533
32,116.52910920900838,146.50394487595815,0.7293499999999999
33,180.7339835227454,148.83718613163342,1.0
34,119.82825949455096,101.51010470270668,0.68455
35,146.91684223141334,122.52475143938887,0.82295
36,105.27047586099344,89.9392360517537,0.61635
37,138.83361358550192,116.5012865402104,0.79865
38,160.56514666739298,130.83548527113206,0.8907499999999999
39,160.14728015561178,134.24988038100517,0.89615
40,149.6030416660755,121.26051000040495,0.82515
41,150.7005448065206,127.04640947430154,0.86195
42,106.85133795325167,120.73132646417956,1.0
43,104.63036432699643,119.05249118965028,1.0
44,100.04060462032405,115.54492305184345,1.0
45,94.27661414369949,111.06297784905728,1.0
46,80.13850346493875,90.54849484813467,0.75
47,78.47277324524731,89.28936839223769,0.75
48,75.03045346524304,86.65869228888258,0.75
49,70.7074606077746,83.29723338679294,0.75
50,71.23778701343288,82.73114145957905,0.68525
51,69.75706389680852,81.58071958770786,0.68525
52,66.69707110037005,79.17715852127571,0.68525
53,62.854218649604455,76.1059055710665,0.68525
54,310.1643298640255,400.5559288172883,1.0
55,232.6232473980191,300.41694661296617,0.75
56,206.7865587203458,274.38081123984244,0.6849999999999999
57,193.8527061650159,258.0781849369788,0.6443
58,258.45993607569244,339.83165000858736,0.8484
59,252.0085180145207,330.0380575490047,0.82395
60,248.1314638912204,324.1298575989497,0.8091999999999999
62,82.83596897428363,68.91624855441724,0.43455000000000005
63,124.73607136670613,102.70499147977758,0.6459
64,82.67144851600365,68.82496864818113,0.43455000000000005
65,69.3,57.946146434547515,0.36635
66,115.28194211038883,94.34972918289057,0.5972999999999999
67,69.98956922284921,58.32990693251131,0.36635
68,63.50979807041306,52.656089441012185,0.33335
69,111.58760791414987,90.73714080898162,0.5729
70,63.89124172866513,52.866716040996394,0.33335
71,136.87324355037399,158.01064127972882,1.0
72,124.77364882052093,141.5301313942531,0.8956999999999999
73,117.12243450605503,132.11269717398125,0.8361000000000001
74,112.6740540906679,125.0496215087774,0.7914
75,105.41977218249805,127.8938130518125,0.8093999999999999
76,112.6740540906679,125.0496215087774,0.7914
77,112.6740540906679,125.0496215087774,0.7914
78,592.6107915048459,707.1354919533511,1.0
79,554.3873954527835,653.3578377902986,0.92395
80,516.1639994007209,599.5801836272465,0.8479
81,477.94060334865827,545.802529464194,0.77185
86,664.6664120438161,557.0719025475511,1.0
87,491.52892644706884,407.08866199015426,0.7874
88,543.5585954668733,480.5177125060038,0.7874
89,540.7993969596638,365.46162603238236,0.7874
90,593.4331628377776,574.2761449504247,0.8877
91,505.7790926537316,487.762126259451,0.7754
92,609.5412438207607,501.872750558244,0.8332
93,472.5939705275979,390.6063463176502,0.6664
94,238.16695291160778,312.1606248698078,1.0
95,192.03489114220886,226.02005667791943,0.75
96,227.69851970693045,264.07948533069185,0.8674000000000001
97,236.9691063537331,274.80671257220604,0.9125500000000001
98,229.16166098079407,289.6299688494472,0.9353
99,836.1189198134916,1183.432820958386,1.0
100,754.5855087110009,1105.190685976064,1.0
101,357.7972355981643,524.9016748378268,0.43574999999999997
102,311.9792143052465,479.07526072818166,0.43574999999999997
103,557.3191823725433,775.6032667432133,0.709
104,584.9311637624465,801.0140654839715,0.709
105,619.3243763766174,884.4793237713579,0.8192
106,618.329477137652,883.53183582193,0.8192
107,216.50034816368128,296.8950213697178,1.0
108,160.43174512467914,220.19879191950037,0.75
109,136.9410452466955,193.74322198081865,0.6454
110,127.804338707836,180.05451587247444,0.5997999999999999
111,121.78144584207071,170.84824004720417,0.57545
112,459.0759797709551,459.6332086400645,1.0
113,412.56162010714866,407.1746544229771,0.9047499999999999
114,371.32998996910277,361.0086174531448,0.8096
115,371.2854339347892,363.9293269940515,0.81615
116,303.0070753695623,287.16691527963934,0.6323
117,615.2380146964847,584.2149806252484,1.0
118,621.1195346771887,564.9149919274173,0.94445
119,589.7222070248876,523.5121179196952,0.889
120,596.5703554219904,527.6096373719234,0.88895
121,530.2847603751027,461.6992372030139,0.7779
122,339.81518672337177,458.3535971980779,1.0
123,205.97705244805184,283.36285268528593,0.6443
124,264.69940724951846,356.1279227790394,0.8091999999999999
125,219.97513596526656,298.36384516552454,0.6443
126,712.9405368686644,744.130226907218,1.0
127,628.8325438313276,606.1369045720843,0.81745
128,649.7268415283976,638.4735305888655,0.869
129,634.4391447566602,613.3638616238887,0.81745
130,684.7423650131327,644.1034082733287,0.81745
131,685.2195928780192,637.9838636624763,0.81745
132,684.0940982385017,718.2309067458334,1.0
133,600.4680566918126,579.4400330152868,0.81745
134,618.7369846986433,623.0828033831195,0.869
135,639.4856562876187,605.5328760264581,0.81745
136,750.6551380909196,761.0321299380524,1.0
137,658.5413679941236,625.0807070699492,0.81745
138,623.262923625777,602.552531575856,0.81745
139,973.585750277511,1090.0174209122413,1.0
140,885.7462740900181,937.2625507151727,0.8921
141,863.0128264232148,919.3137330926303,0.8921
142,78.85826272496752,58.72442764817412,1.0
143,66.9980662346501,48.55691733516083,0.8162499999999999
144,57.83667780915498,43.39203013838037,0.75
145,50.42429416338803,39.05028821597515,0.6837500000000001
146,66.24438778811283,49.88950223121368,0.845
147,69.43667365277804,50.49764097409043,0.8534999999999999
148,592.1631850258847,467.38540268671176,1.0
149,379.4342095146404,315.61595713632477,0.75
150,56.925354677155944,65.52003168117649,1.0
151,49.26320193761076,55.12200265337379,0.8413
152,50.7432611592168,57.14001962915403,0.8721
153,41.60104919806557,45.33986192337414,0.692
154,54.23847793639418,61.87056591653497,0.9442999999999999
155,54.45479428416738,62.17195806226839,0.9489
156,51.540216124697,58.21454814872532,0.8885
157,69.07111871571215,74.53631686170891,1.0
158,50.47717355744244,50.87848988980251,0.6826
159,54.06887173065946,55.469927008483786,0.7442000000000001
160,31.883228399172726,28.621945674896224,0.384
161,62.550805108948914,66.23297116331455,0.8886000000000001
162,63.07574561118833,66.91870527844227,0.8978
163,56.00286305469941,57.914718201547835,0.777
164,729.1287454314225,737.6013894597111,1.0
165,713.8936060730618,727.2904876789112,1.0
166,604.1470484786316,623.6032630405336,0.84865
167,543.7540937945204,551.1134711369825,0.7499999999999999
168,639.9304659791288,637.7104482171717,0.87455
169,493.3659108373268,510.34672919996626,0.6851
170,631.1109744514725,642.0227661044188,0.84865
171,563.0529258570637,564.0775474914959,0.7499999999999999
172,685.6101414580936,667.7078724685606,0.87455
173,491.5620074999629,509.10197613736375,0.6851
174,180.7339835227454,158.50034705562666,1.0
175,119.82825949455096,108.10058455957608,0.68455
176,146.91684223141334,130.47959405032051,0.82295
177,105.27047586099344,95.77848452142355,0.61635
178,138.83361358550192,124.06505947189329,0.79865
179,160.56514666739298,139.3298970616475,0.8907499999999999
180,160.14728015561178,142.96596963171947,0.89615
181,149.6030416660755,129.1332725291394,0.82515
182,150.7005448065206,135.2948178961051,0.86195
183,24.82909385942226,28.54154806839149,1.0
184,17.9181043284439,20.86341547887095,0.75
185,21.659006863865194,24.8835285386039,0.8986000000000001
186,22.94654195423696,26.420369625069227,0.9441
187,23.817996855414847,28.39330883208669,1.0
188,17.83684266553361,20.80028826855545,0.75
189,21.905981857352792,25.0723333942027,0.8986000000000001
190,23.60013384731334,26.919709491506584,0.9441
191,23.409073813049975,28.067388403814338,1.0
192,1393.7779588538772,1360.865743131309,1.0
193,1295.7109177607654,1171.4332316874309,0.8607999999999999
194,1295.7109177607654,1171.4332316874309,0.8607999999999999
195,1295.7109177607654,1171.4332316874309,0.8607999999999999
196,1295.7109177607654,1171.4332316874309,0.8607999999999999
197,1295.7109177607654,1171.4332316874309,0.8607999999999999
198,189.12721204522634,205.0715664257822,1.0
199,144.9849207538705,149.57920055096554,0.7293999999999999
200,94.56360602261317,102.5357832128911,0.5
201,169.07972756843233,179.43762062255942,0.875
202,146.1575094685509,150.91216573273311,0.7358999999999999
203,176.1530852989238,188.48127670193645,0.9191
204,161.32551187457804,169.53266396419414,0.8267
205,179.5195496733288,192.82879391016303,0.9402999999999999
206,168.58799681711474,178.8018987666395,0.8718999999999999
207,181.5242981210082,195.3511741772001,0.9526
208,172.8244463669278,184.23629527692273,0.8984
209,182.81036316291573,197.01225386524897,0.9607
210,175.62352910519718,187.8250476893739,0.9159
211,133.97959359544274,117.95504720894341,0.75
212,148.86026045744327,133.2498849970364,0.84725
213,111.64966132953562,101.21329417508737,0.6435500000000001
214,142.9115665018056,127.13194988179922,0.80835
215,104.20039592562901,93.93153592738861,0.5972500000000001
216,140.35702225058583,124.50548416394672,0.79165
217,160.77551231453128,138.97463662157713,0.88365
218,156.64894083179163,140.84619003729233,0.89555
219,151.84353940816845,130.71778331695106,0.8311499999999999
220,152.1650904327975,136.56835365851467,0.86835
221,142.9115665018056,123.73484452218163,0.7867500000000001
222,149.1639475362596,133.54870444996573,0.84915
223,133.97959359544274,117.95504720894341,0.75
224,147.0202740387325,131.34687690206545,0.83515
225,126.53032819153613,113.22898165077174,0.7199500000000001
226,145.39465496977448,129.67977890151238,0.8245499999999999
227,167.47449199430343,145.80030202006796,0.92705
228,161.20424701403672,144.8723889820243,0.92115
229,156.3095258613499,134.69680024279944,0.8564499999999999
230,153.5584782061901,137.92090486651057,0.87695
231,145.1445597283963,125.35476050385111,0.7970499999999999
232,149.27113121113595,133.65879582736073,0.84985
233,76.08676351315229,126.37458770522616,1.0
234,283.6827285189066,322.507252708739,1.0
235,1778.5703524179191,2147.087687257353,1.0
236,327.06232961447836,353.6492758410652,1.0
237,144.18159967385844,198.52065710854203,1.0
238,54.421175514450546,68.41686400105318,1.0
239,148.8612584899064,173.57502215030178,1.0
240,201.20683026715196,256.91470626127466,1.0
241,323.9339162518111,397.1733858279232,1.0
242,383.7005786960422,460.1574366070965,1.0
243,81.40603504729927,112.92714978744884,1.0
244,282.5920195967876,290.54491546222766,1.0
245,142.81187415636154,170.23764573765945,1.0
246,228.92842719667885,273.8076271856855,1.0
247,2814.127358142339,2347.595865445065,1.0
248,317.54456917763406,303.33007641453105,1.0
249,175.86264793887756,241.980863419585,1.0
250,416.119556572948,511.2635128374206,1.0
251,295.48847528002244,292.64848740946996,1.0
252,45.61951749556183,60.768066341868874,1.0
253,451.629219572595,506.3916731437825,1.0
254,183.5334463279759,214.07384773866306,1.0
255,194.22497060900017,222.61614592786333,1.0
256,225.44130427424076,289.05185583019875,1.0
257,172.05018524013772,223.65455003486645,1.0
258,254.22265225431667,299.77383162900503,1.0
259,1347.628115046687,1784.4968716611138,1.0
260,109.97993929653008,142.77565387790503,1.0
261,60.96723023484167,70.90137173703032,1.0
262,466.75882118659933,593.6316777601394,1.0
263,417.4897111531002,295.57488683533245,1.0
264,55.483740123717624,69.3045429871995,1.0
265,210.770098979387,250.36342010590505,1.0
266,498.8643935367014,624.551684773654,1.0
267,873.0699930704296,1262.2476884650887,1.0
268,143.7949966084328,163.25180771353206,1.0
269,139.72128705817076,212.99427576590188,1.0
270,223.93083140128024,262.99985896900523,1.0
271,102.64930651468185,133.70112256986334,1.0
272,406.8047590518989,512.3587456963319,1.0
273,131.8897784959241,126.88357058921814,1.0
274,163.00933226735827,177.5788162182076,1.0
275,340.0615067511806,329.20324390217036,1.0
276,323.4278995158093,338.87539416825894,1.0
277,220.74009304874363,277.05280416477007,1.0
278,326.6902258537895,331.28989581473047,1.0
279,96.16870628920076,115.65289398803246,1.0
280,245.1282125632026,341.9686893048013,1.0
281,523.8112900075347,343.23303478393206,1.0
282,201.73337339568445,257.66787404590883,1.0
283,52.85975188572076,66.0123932006206,1.0
284,334.2624717194559,350.57736367598403,1.0
285,139.88458278166328,160.360011543967,1.0
286,866.6903280872586,1201.4080208866587,1.0
287,341.2295935528301,258.5579974499848,1.0
288,48.75713451877233,38.68110996631284,1.0
289,48.38255431343674,63.31896470237342,1.0
290,293.5424719407969,237.8301096604294,1.0
291,335.66444566497063,429.4430953844009,1.0
292,21.5583739367459,32.59955766337806,1.0
293,119.33383853008021,150.4617086683468,1.0
294,1154.9914285396235,1362.3743794394413,1.0
295,327.97487571177305,403.44147167461375,1.0
296,463.3140595595713,534.359754304072,1.0
297,410.8581284812662,454.4366170476456,1.0
298,322.79089457162326,406.4040944412553,1.0
299,364.6975930479936,337.78141899722783,1.0
300,108.44059347172534,136.93965212599377,1.0
301,1593.504832705927,2201.1649125244007,1.0
302,162.23899886264687,178.9414856809913,1.0
303,110.30525900401331,123.1491064153663,1.0
304,353.64352458337174,378.8031845577457,1.0
305,72.45720453957202,96.97156060339792,1.0
306,350.7951564047375,378.18681526644934,1.0
307,372.8427800346952,485.99100378403267,1.0
308,37.07213199655504,30.682391288866846,1.0
309,259.4015987514461,304.3633582272209,1.0
310,57.66725919703372,70.73991235127242,1.0
311,55.380432960697334,76.66640816739239,1.0
312,408.2351201864003,419.40101131766784,1.0
313,346.5314160843718,334.26330050788266,1.0
314,248.04538938303526,224.5129096349595,1.0
315,137.2325530314145,159.87671627602896,1.0
316,357.68337197975825,439.1140262710658,1.0
317,157.4584418386325,137.72627832678214,1.0
318,175.47266295227067,224.98125882721476,1.0
319,59.848489612073045,76.04934275777029,1.0
320,163.6324688250195,215.8580466732727,1.0
321,72.86732122811355,122.78412335174883,1.0
322,178.84075911268107,189.5388018446806,1.0
323,254.40024171277486,320.59467385301144,1.0
324,84.36049722540338,113.77764824614914,1.0
325,215.11570645171852,247.55051539535754,1.0
326,265.62634713367703,278.64119883753267,1.0
327,685.6949775018045,951.7062070929603,1.0
328,141.71404935014186,207.25207933400583,1.0
329,293.06716350592285,398.04008399438817,1.0
330,226.19557063129298,276.5721760912752,1.0
331,294.64154705966166,265.89991558029703,1.0
332,126.83199274291725,123.41881297071154,1.0
333,110.14562664607018,165.03973925572612,1.0
334,86.53045548529276,141.15661893707187,1.0
335,45.550922283055655,60.702317047867055,1.0
336,451.09115980922485,539.5217108554173,1.0
337,42.15611257127903,31.343325327889374,1.0
338,39.61720579818014,43.7126767183661,1.0
339,130.5892484885337,154.67450665345197,1.0
340,203.47918812497755,185.25199601645588,1.0
341,266.3974066217271,342.53469345503396,1.0
342,139.72128705817076,212.99427576590188,1.0
343,266.27890922793733,299.22863993134524,1.0
344,28.72018211283939,39.00673805969706,1.0
345,172.6123981642107,203.32316342527136,1.0
346,202.53656700929093,237.6621652435068,1.0
347,967.0819839199593,936.402463201877,1.0
348,39.780635015633486,37.37943562947979,1.0
349,1537.5272288355463,1948.4276893924814,1.0
350,170.07625019384687,151.06559430503597,1.0
351,163.3845216855011,188.5005057215661,1.0
352,480.97488448980215,607.215904510282,1.0
353,131.99523984355812,145.85325281472345,1.0
354,54.58684157655346,68.55564098173194,1.0
355,139.26210988706987,137.185458991485,1.0
356,104.06543590453074,137.10610865848054,1.0
357,256.65146034100917,351.94432663516466,1.0
358,273.0611936527127,290.3391692699733,1.0
359,58.87951654650369,93.79117068200505,1.0
360,296.36328346539136,403.4539514115785,1.0
361,158.95762810215885,175.84878431791768,1.0
362,400.4023554406041,285.63171651129124,1.0
363,322.9335588979917,313.2063225584282,1.0
364,206.06088055424468,251.47509463777632,1.0
365,248.08621924574592,279.1043700140027,1.0
366,45.56637884328594,43.59184104186356,1.0
367,60.5064570497449,47.55073059884858,1.0
368,179.38406618203302,182.51289924614645,1.0
369,14.254314414144822,26.0651147076211,1.0
370,308.3006345274041,421.3815696468581,1.0
371,374.32284762147304,445.24713615559415,1.0
372,90.50682728279824,107.25606201241571,1.0
373,412.2938356987213,376.1047079077699,1.0
375,140.27514102599807,194.91845198542904,1.0
376,308.0666213662234,366.24339132255807,1.0
377,358.5887034294305,446.78841444608196,1.0
378,340.0615067511806,329.20324390217036,1.0
379,242.27304596260808,245.16436528369536,1.0
380,273.0611936527127,290.3391692699733,1.0
381,239.39395844829218,304.19737103108116,1.0
382,79.74717321888052,111.02701220096847,1.0
383,303.74293306710274,245.02780244869555,1.0
384,210.06635711830535,249.80581598797346,1.0
385,39.780635015633486,32.379528877828434,1.0
386,198.4308136069962,296.4723648856571,1.0
387,163.53139927854835,177.95776640928716,1.0
388,21.5583739367459,32.59955766337806,1.0
389,465.7441346460035,593.8320573722052,1.0
390,267.9950272799591,292.7712339179841,1.0
391,423.9778304345641,468.25775549320525,1.0
392,199.75161836301402,241.51374041814537,1.0
393,131.72522481794064,176.67355573996372,1.0
394,102.64930651468185,133.70112256986334,1.0
395,149.48829522863713,159.0553508671524,1.0
396,342.6468112662279,365.7761225460808,1.0
397,367.8198549297164,379.54820941719487,1.0
398,92.52495457307721,121.73686064606605,1.0
399,104.09749660718595,135.24001575857693,1.0
400,135.34307086498177,164.88688179808221,1.0
401,156.5089170074862,198.65505656171953,1.0
402,695.5262314938237,580.0055630645819,1.0
403,1114.168303470087,1318.0554059683207,1.0
404,199.4328011693014,297.46956275466414,1.0
405,180.64523443692568,226.47800393011352,1.0
406,412.6102812047558,291.3990248098257,1.0
407,46.7246859308899,53.81253075295032,1.0
408,129.49811918669428,138.81422857254609,1.0
409,75.28660147021945,125.48702010493662,1.0
410,42.89900872822678,42.76273917168447,1.0
411,133.5920668974306,187.76628950391955,1.0
412,959.4929185773077,1344.228375026833,1.0
413,288.0117698471778,380.0595351912613,1.0
414,773.1842957536062,1113.3624673206216,1.0
415,257.53663625149596,353.4137895387946,1.0
416,287.7195630784507,315.08295307246163,1.0
417,124.456962925247,149.3818798329232,1.0
418,206.06088055424468,251.47509463777632,1.0
419,185.5501042110371,230.0151698995535,1.0
420,340.0615067511806,329.20324390217036,1.0
421,178.49539457522158,224.10397137002138,1.0
422,282.90813973881956,328.1877734295236,1.0
423,166.2872075030926,205.45858180243536,1.0
424,127.33790394335185,139.58761921963247,1.0
425,239.47073831907204,216.07862440886956,1.0
426,433.359234060183,434.4544328432614,1.0
427,39.61720579818014,42.19200468728265,1.0
428,276.3173914810388,318.3093633831538,1.0
429,486.8031895145717,461.13520706832026,1.0
430,195.0911325509184,180.12524528046575,1.0
431,197.19620749191785,260.2037820701101,1.0
432,190.0685609383972,299.5737689499913,1.0
433,356.09416539529127,267.83405318283604,1.0
434,1449.892072247455,1993.1525353815741,1.0
435,154.77246266697446,159.82782646507772,1.0
436,257.5972861827159,269.05862002590163,1.0
437,281.3572870063648,339.876959157497,1.0
438,363.32588123136844,439.75229517028316,1.0
439,607.5589273937655,572.269424386936,1.0
440,200.67022288327323,310.80183755328954,1.0
441,287.56958955774206,394.81371492887786,1.0
442,138.04029341954927,175.0481404079691,1.0
443,108.4958762762949,140.5202903318923,1.0
444,2637.534849058871,3356.2026480289705,1.0
445,309.4848898129576,279.02802810371986,1.0
446,179.6093752651052,229.83622460880417,1.0
447,77.1328307998611,103.815089537075,1.0
448,304.24066484203894,337.90586491762497,1.0
449,697.3511927148328,862.8287178336773,1.0
450,285.90148664705146,292.8089136387951,1.0
451,225.76751499894755,280.7164772661405,1.0
452,110.14562664607018,165.03973925572612,1.0
453,42.89900872822678,39.63307101285572,1.0
454,243.08682396719078,307.31772677113275,1.0
455,605.8711760294593,601.9325006357468,1.0
456,273.3376836589818,372.3621484962805,1.0
457,102.52231540870311,154.72475972114214,1.0
458,614.2510880933278,578.76659950058,1.0
459,46.7246859308899,43.6820699996818,1.0
460,436.8272830104612,473.389440272314,1.0
461,155.01988614008567,208.66430837334534,1.0
462,39.780635015633486,41.69113679224232,1.0
463,189.61106443786662,269.6833852983458,1.0
464,109.97993929653008,142.77565387790503,1.0
465,471.1143633331368,460.3500789254514,1.0
466,198.02319354408235,303.7038790087683,1.0
467,56.77073937821439,70.37216598787292,1.0
468,103.33295432726193,132.60519156620185,1.0
469,330.22312075843837,416.34158750032753,1.0
470,962.8254677115492,972.1727333869105,1.0
471,39.057703758352254,69.57877200372954,1.0
472,332.02657724947267,349.0122653180288,1.0
473,44.55346698998684,61.0915393411888,1.0
474,59.748908754938626,56.94451226030516,1.0
475,250.53848302905482,234.51377835584356,1.0
476,47.48442520332443,58.17960324812106,1.0
477,976.0955411001627,1115.3057043389006,1.0
478,206.06088055424468,251.47509463777632,1.0
479,344.81903438572994,424.6893582125265,1.0
480,60.771705991797695,76.82943169278319,1.0
481,39.61720579818014,45.44995927013478,1.0
482,187.6652871470907,152.87744976421573,1.0
483,103.99475006773282,142.79737442472938,1.0
484,219.23285258569572,236.9460307810684,1.0
485,364.1302191818851,270.0547989959104,1.0
486,302.85503630811377,347.1544957353244,1.0
487,272.79122856989943,367.2352933973262,1.0
488,403.75784039049944,482.70688642129073,1.0
489,91.08403523669777,125.45288164763333,1.0
490,176.53770527777758,205.08662248366306,1.0
491,150.08958739723084,182.3670282161739,1.0
492,251.65816737303638,352.4032249126804,1.0
493,125.03897875833894,123.1980581501266,1.0
494,426.99631994619034,384.99370643731487,1.0
495,110.14562664607018,165.03973925572612,1.0
496,206.06088055424468,251.47509463777632,1.0
497,194.06627447111978,239.43507717444402,1.0
498,97.90785909037993,127.86831837377261,1.0
499,219.85103959057182,259.7956866666174,1.0
500,913.5458609177758,1300.9644988236528,1.0
501,37.07213199655504,37.700128495810695,1.0
502,160.8686030091999,201.65533678929526,1.0
503,40.30895344281119,35.895415261693294,1.0
504,608.2059483647624,603.4779053658197,1.0
505,121.11800619261376,149.85117035570025,1.0
506,107.64842942489706,120.4035851645084,1.0
507,190.00092105039914,176.97830693255972,1.0
508,292.31677593924917,237.0643477917611,1.0
509,56.715185227977095,84.0938925011529,1.0
510,171.58806881598736,177.73290280575668,1.0
511,206.06088055424468,251.47509463777632,1.0
512,353.25582781265183,423.35918598865754,1.0
513,195.19522502784665,250.68703990106036,1.0
514,285.17625475121207,377.56093215512914,1.0
515,70.7487880001639,76.56231039233646,1.0
516,278.04367753350346,371.23891235993966,1.0
517,418.44803403189076,420.1492462782253,1.0
518,95.54287953115293,124.68424804332328,1.0
519,236.21283150714507,212.61358712689963,1.0
520,483.14209846545435,325.2288757857098,1.0
521,21.53904684197516,26.467113420014957,1.0
522,170.5278077660944,244.17453316938276,1.0
523,129.7053546607927,184.88167104943125,1.0
524,77.1328307998611,103.815089537075,1.0
525,42.40962526591778,52.85453448160348,1.0
526,101.60663758096307,131.06879421117839,1.0
527,68.48696951996384,75.54918156132571,1.0
528,248.74248508437398,282.523367983686,1.0
529,211.7883697971601,265.4110257389885,1.0
530,510.149400070116,476.6225760315255,1.0
531,282.7753999197,321.3436971013749,1.0
532,1025.5759511777505,1231.457617178102,1.0
533,42.40962526591778,35.44173522559852,1.0
534,178.51142062262315,181.67694422985812,1.0
535,421.16090710128367,420.9245614923533,1.0
536,276.50131470912345,308.137740397768,1.0
537,206.06088055424468,251.47509463777632,1.0
538,207.09783067209796,316.0707820539554,1.0
539,1071.8140760609112,952.4500670126477,1.0
540,175.01200764391564,221.17877099794538,1.0
541,110.82434544290157,136.8534311085535,1.0
542,14.254314414144822,26.0651147076211,1.0
543,265.62634713367703,252.0010187883252,1.0
544,308.3006345274041,337.3440899749556,1.0
545,115.74429521579022,143.02140046131512,1.0
546,801.8142944340199,841.6431020240467,1.0
547,21.5583739367459,32.59955766337806,1.0
548,40.30895344281119,33.48255780817845,1.0
549,232.17470777198918,210.1835047282333,1.0
550,154.97646116184075,148.567321329499,1.0
551,203.90809814564423,241.6012725757423,1.0
552,46.11252544030405,57.053536594674725,1.0
553,57.256419421159734,80.50204621527229,1.0
554,335.88573449240306,443.22789749876085,1.0
555,327.28680720843425,295.60917900468297,1.0
556,238.37697861787808,335.03307456832215,1.0
557,159.61292759073763,210.0855695366937,1.0
558,701.7752160382148,973.6315901352713,1.0
559,79.21441464091453,119.10100425885275,1.0
560,948.8426772707829,922.4720594038624,1.0
561,264.34077408407734,359.61150960035684,1.0
562,100.2008266245843,106.11008703025878,1.0
563,1006.6936535014016,1327.5354103744212,1.0
564,215.68327879335192,236.8153980986511,1.0
565,333.6050287390764,386.21436711673914,1.0
566,434.5904274609163,436.2386049548295,1.0
567,317.1974712616666,405.3199246042987,1.0
568,231.31281676552206,197.9364795020567,1.0
569,338.4423534371874,321.5869612211695,1.0
570,1983.2168330188283,2336.2448010542676,1.0
571,275.87255413952,346.272022984864,1.0
572,158.33934075647835,195.72978850860895,1.0
573,406.8043695722183,380.6311447461747,1.0
574,59.748908754938626,70.15071211693379,1.0
575,974.4677317675436,979.9938834476656,1.0
576,110.14562664607018,165.03973925572612,1.0
577,181.36710177487407,158.7040972176965,1.0
578,859.2703211446325,1194.5411126675745,1.0
579,513.7329957766934,338.65726284223115,1.0
580,348.76248550553714,362.68432354427694,1.0
581,56.594260760841166,77.64598997315979,1.0
582,61.15828336322405,91.58861708468604,1.0
583,309.4848898129576,279.02802810371986,1.0
584,50.4346137317239,68.99179744073909,1.0
585,54.58684157655346,77.97991787254301,1.0
586,21.5583739367459,32.59955766337806,1.0
587,305.648221641598,318.9214314661401,1.0
588,260.7620500730457,309.60264371712606,1.0
589,58.039574512373235,61.89398422312784,1.0
590,143.09824789870768,164.40057616258954,1.0
591,598.3518880242564,754.3910362832298,1.0
592,192.78707364135687,290.82389256515256,1.0
593,309.4848898129576,279.02802810371986,1.0
594,228.3186413414376,273.4449176738657,1.0
595,321.1405256223802,409.4374409238962,1.0
596,33.55830586531448,40.73145206342555,1.0
597,826.967094871374,1217.4113943612836,1.0
598,125.49759200367154,150.6274253920593,1.0
599,117.1830259121064,148.151242156676,1.0
600,147.87487856776303,191.28011925632836,1.0
601,42.40962526591778,37.13193574213515,1.0
602,77.1328307998611,85.7787751918657,1.0
603,646.0614559002881,749.9330693921959,1.0
604,959.3824369023419,929.8528210156735,1.0
605,286.609285151505,259.61639147044554,1.0
606,261.4632701985767,287.99461801358814,1.0
607,901.9768556268834,916.9340669782281,1.0
608,89.01746177014935,123.54806205341833,1.0
609,170.6991296985301,219.70421288418265,1.0
610,42.89900872822678,40.577068241374725,1.0
611,265.62634713367703,278.64119883753267,1.0
612,346.26236376944007,381.3091911019766,1.0
613,705.2204444149361,585.3825145447031,1.0
614,283.0397618056006,320.19274841718953,1.0
615,304.406147946384,336.091215430565,1.0
616,339.34850356859556,361.342329959226,1.0
617,254.55259743178644,298.31372623977643,1.0
618,367.95087439420377,377.45860504789965,1.0
619,379.9623518961558,297.1714003950099,1.0
620,361.22734678718695,278.43783234448506,1.0
621,260.4847441882029,291.20819038689564,1.0
622,256.9244208134359,352.1800503070957,1.0
623,267.46324951989493,296.3863064929677,1.0
624,272.0161424800134,365.8397953059895,1.0
625,318.3047548279349,406.24676078306277,1.0
626,244.68281140163083,340.9024598451975,1.0
627,219.11861410853294,262.76337255075873,1.0
628,223.17754051669047,266.0052002681846,1.0
629,283.6269912867771,307.68497498938007,1.0
630,280.9079611912938,337.3904807350239,1.0
631,338.57570214766946,419.2534199748518,1.0
632,341.57465975382337,423.5432949447611,1.0
633,613.3670179077711,612.9507294800976,1.0
634,615.2117349087742,614.1790909408966,1.0
635,70.79812061091381,103.92642482583875,1.0
636,73.35791029048947,106.41662196897975,1.0
637,95.85649981570761,119.50571242967824,1.0
638,99.68307369897359,122.66534971583322,1.0
639,123.0177083289231,137.11277450013296,1.0
640,126.39958514567998,139.61430853167263,1.0
641,151.47527930138057,155.65448254825026,1.0
642,146.49116863929459,152.22106396090706,1.0
643,93.32518800848328,86.61854185410212,1.0
644,96.63393752688545,88.65394585609735,1.0
645,97.71195902750978,132.93970577939743,1.0
646,96.16822909324705,139.7776476641603,1.0
647,96.63393752688545,140.22854642475158,1.0
648,96.63393752688545,140.22854642475158,1.0
649,98.32266471683296,121.89206354462235,1.0
650,96.47895116005228,120.363475161841,1.0
651,91.54431823849038,106.97013381394879,1.0
652,92.84288406657777,107.9793456213421,1.0
653,93.4854030414642,117.52677632208348,1.0
654,93.80501218931482,117.79449199956545,1.0
655,101.02516501907459,123.7639038589538,1.0
656,97.25141305901421,120.66229119127519,1.0
657,187.32101915684316,266.6148300722636,1.0
658,193.98480274446905,272.9009828676136,1.0
659,662.5649366063162,642.744413106482,1.0
660,680.720762182038,654.43322848643,1.0
661,626.4443361809157,709.7645306885871,1.0
662,660.0504495975431,734.9267499805409,1.0
663,660.0504495975431,713.735394272804,1.0
664,660.0504495975431,713.735394272804,1.0
665,403.0301162106872,489.8074606383045,1.0
666,427.5426979603324,509.47169231308516,1.0
667,416.53116513989687,500.68594103593915,1.0
668,419.1791966746441,502.80572050870353,1.0
669,424.94678630059093,418.23409853917934,1.0
670,444.79329226596934,431.15678467951614,1.0
671,147.1682170875894,214.7100755469221,1.0
672,164.6309643731186,231.37552677636953,1.0
673,227.56705934951762,287.11067315835504,1.0
674,224.89285297905155,284.8569642619434,1.0
675,156.33338824955578,145.20591769817818,1.0
676,315.5018324035536,349.44051404934635,1.0
677,315.5018324035536,338.0869271382622,1.0
678,229.05648499180847,222.29893185377034,1.0
679,226.77444551975594,248.35576731578206,1.0
680,226.77444551975594,230.84380684799976,1.0
681,195.32659982578417,218.7741613861899,1.0
682,201.51863192021574,228.07761021346928,1.0
683,165.5839782544114,200.08662470337725,1.0
684,195.32659982578417,197.3343078882856,1.0
685,157.57996382901558,147.17177736662288,1.0
686,471.81463266249904,445.4137479839556,1.0
687,489.4615415467785,460.8197211369088,1.0
688,747.25522289978,655.4148019421438,1.0
689,282.2840910961645,286.06689625979294,1.0
690,334.209832592425,320.15194944309894,1.0
691,355.9014015863615,333.85903540332185,1.0
692,399.020535864715,388.42468916916425,1.0
693,693.5273291435925,711.9843332322638,1.0
694,200.45565082304103,204.81717138905034,1.0
695,206.08074889668273,257.8025177708727,1.0
696,323.0807190807835,355.8416522461994,1.0
697,448.37364886389435,435.131956828802,1.0
698,430.25183752111303,571.5863246555226,1.0
699,434.04007240814684,425.8083209582293,1.0
700,407.2585704097293,551.0362400426623,1.0
701,255.3773473110425,291.04956977269626,1.0
702,365.9433297604232,409.0362491309282,1.0
703,497.9146116084146,545.9092676724653,1.0
704,268.88756601480964,290.25901422620484,1.0
705,252.18500497953588,288.6189797223041,1.0
706,280.7791957347777,280.6317447079436,1.0
707,292.9240311070432,257.2657262428187,1.0
708,299.5410161629888,323.70512834236047,1.0
709,305.3323268446556,296.7622834221859,1.0
710,808.0275178731433,584.2406990471552,1.0
711,737.624831040049,549.7915473420111,1.0
712,761.4435785403348,809.9159349535673,1.0
713,222.64107972351334,177.7965516687366,1.0
714,222.64107972351334,164.06334055905344,1.0
715,895.9337921512896,893.6430891025041,1.0
716,996.1896965159411,1220.8859740315017,1.0
717,833.9915988883728,863.7156259293688,1.0
718,832.7756245475234,1073.9047910989955,1.0
719,753.124653737312,801.7930153739863,1.0
720,714.7252881051731,955.3684391383239,1.0
721,494.52889869803107,450.6598054600886,1.0
722,485.71001294582754,681.6610577495343,1.0
723,630.4031261242025,570.7377747820756,1.0
724,620.2052259137217,640.0941450881987,1.0
725,608.0253609405527,654.557382048006,1.0
726,628.9577595740302,762.5943639097761,1.0
727,528.5279851970294,652.6675604687086,1.0
728,479.9589183556197,579.3984666422493,1.0
729,328.9617057383732,238.4443495159502,1.0
730,279.63584757806,205.7316902647365,1.0
731,406.4928415185712,464.40049244181154,1.0
732,487.85681154109056,789.2919884311887,1.0
733,754.7149319194516,1014.4097581929932,1.0
734,1111.0201707678693,1239.4174130196384,1.0
735,1160.144168622937,1537.1906872846541,1.0
736,1897.4128492921086,2501.866764787298,1.0
737,392.5100244891842,430.5815087670562,1.0
738,376.9831424116999,478.5639712561189,1.0
739,497.7552181538632,504.4662168776736,1.0
740,475.1327154552715,558.3870479596491,1.0
741,407.4456393022265,441.4362454773097,1.0
742,402.7889647765937,500.1616877973472,1.0
743,467.7968926305518,484.01604845793105,1.0
744,462.3886543093375,548.3571268227184,1.0
745,1009.3814818986922,1035.0456753819092,1.0
746,274.1609075234834,276.20906151123285,1.0
747,419.95353988308204,360.6624557191945,1.0
748,413.29206976819574,384.24344788869,1.0
749,413.3153150285815,407.86886870996165,1.0
750,181.48334804441666,233.93978659972353,1.0
751,175.7640938398065,228.99869493836337,1.0
752,179.44541677385115,232.18517215232876,1.0
753,681.6984670542498,932.500775284222,1.0
754,707.6003826612944,966.4937317509076,1.0
