row754,series,group,has_opening,V_exp,V_EC2,V_pred
1,0,0,0,201.73,159.42692977355463,183.4098834653049
2,0,0,1,128.13,125.73354309213728,164.69132502576818
3,0,0,1,136.7,135.4660218748962,169.8467847484363
4,0,0,1,159.56,144.13093988436046,177.46301162515877
11,1,1,0,249.9,319.4484977302216,356.3903511557922
12,1,1,0,216.4,321.4083534919488,352.0930875573917
13,1,1,0,259.2,316.7973506188359,362.2396484094246
14,1,1,0,232.3,312.1606248698078,363.9615512078683
15,1,1,1,187.6,252.45447616848665,263.6286606727223
16,1,1,1,178.6,256.33899953278143,274.64344617366663
17,1,1,1,233.7,251.13270076598116,253.5771788618652
18,1,1,1,187.6,180.51886252173844,219.33369574346318
19,1,1,1,213.9,177.29461967347282,210.10147250269333
20,1,1,1,194.8,179.45696229111917,220.17200631411635
21,1,1,1,208.4,192.2068306836973,234.54836469126857
22,1,1,1,184.0,169.9115870345186,276.08551486380463
23,2,2,0,235.0,200.86919157600352,217.7415775828571
24,2,2,1,175.0,141.26125897582446,145.3394241804539
25,2,2,1,143.0,129.44010705157663,133.15830983351452
26,2,2,1,115.0,122.61055453799256,126.65630462054082
27,2,2,1,160.0,155.73388422887552,166.9691020084295
28,2,2,1,176.0,169.53359769014693,171.2444785258817
29,2,2,1,195.0,177.28714848498072,184.64460030310974
30,2,2,1,180.0,157.94344533621157,134.83181598315397
31,2,2,1,170.0,151.3147620142034,138.4178939599935
32,2,2,1,150.0,146.50394487595815,121.00809199019713
33,0,0,0,193.0,148.83718613163342,176.62786505548522
34,0,0,1,99.03,101.51010470270668,152.8818178817981
35,0,0,1,125.86,122.52475143938888,152.8818178817981
36,0,0,1,76.98,89.9392360517537,125.75347022091631
37,0,0,1,94.7,116.5012865402104,125.75347022091631
38,0,0,1,134.78,130.83548527113206,171.79432737894663
39,0,0,1,172.15,134.24988038100517,177.9635475601504
40,0,0,1,115.53,121.26051000040496,149.0001061367467
41,0,0,1,138.83,127.04640947430154,149.0001061367467
42,3,3,0,182.9,120.73132646417956,160.55942669603914
43,3,3,0,176.7,119.05249118965028,156.3548503035108
44,3,3,0,154.9,115.54492305184344,145.31200018143124
45,3,3,0,150.0,111.06297784905728,131.66604673826825
46,3,3,1,140.2,90.54849484813468,92.0887216133167
47,3,3,1,137.0,89.28936839223769,87.88414522078841
48,3,3,1,119.3,86.65869228888258,76.84129509870888
49,3,3,1,109.2,83.29723338679294,69.06985378678854
50,3,3,1,120.4,82.73114145957905,87.44284304061796
51,3,3,1,118.2,81.58071958770786,83.23826664808962
52,3,3,1,100.9,79.17715852127571,72.19541652601015
53,3,3,1,91.6,76.1059055710665,64.42397521408981
54,4,4,0,427.0,400.5559288172883,423.60050892717686
55,4,4,1,315.0,300.41694661296617,343.4460780233771
56,4,4,1,222.0,274.38081123984244,335.5835137209495
57,4,4,1,210.0,258.0781849369788,319.51310252127365
58,4,4,1,339.0,339.83165000858736,343.4460780233771
59,4,4,1,300.0,330.0380575490047,335.5835137209495
60,4,4,1,261.0,324.1298575989497,319.51310252127365
62,0,0,1,110.41,68.91624855441724,156.2567021541981
63,0,0,1,158.61,102.70499147977758,156.55175306214716
64,0,0,1,71.45,68.82496864818113,156.2567021541981
65,0,0,1,87.66,57.94614643454752,133.37576896449235
66,0,0,1,123.0,94.34972918289056,133.37576896449235
67,0,0,1,56.33,58.32990693251131,129.64657436322446
68,0,0,1,73.58,52.656089441012185,133.37576896449235
69,0,0,1,102.63,90.73714080898162,132.57441949692816
70,0,0,1,43.15,52.8667160409964,132.57441949692816
71,5,5,0,83.3,158.01064127972882,218.13352855026787
72,5,5,1,76.1,141.5301313942531,175.72835380245255
73,5,5,1,54.4,132.11269717398125,167.07767870342184
74,5,5,1,72.5,125.0496215087774,175.72835380245255
75,5,5,1,81.3,127.8938130518125,175.72835380245255
76,5,5,1,72.8,125.0496215087774,175.72835380245255
77,5,5,1,71.6,125.0496215087774,175.72835380245255
78,6,6,0,590.2,707.1354919533511,817.9014083216678
79,6,6,1,550.2,653.3578377902986,733.5372232772122
80,6,6,1,517.3,599.5801836272465,733.5372232772122
81,6,6,1,452.9,545.802529464194,733.5372232772122
86,7,7,0,475.0,557.0719025475511,536.2937884769407
87,7,7,1,240.0,407.0886619901543,432.88817417664376
88,7,7,1,250.0,480.5177125060038,477.85966255314855
89,7,7,1,237.0,365.4616260323824,344.0853814793528
90,7,7,1,455.0,574.2761449504247,509.37388136224706
91,7,7,1,375.0,487.762126259451,520.9331648763721
92,7,7,1,474.0,501.872750558244,462.8344065824168
93,7,7,1,411.0,390.6063463176502,443.2257958852201
94,1,1,0,247.0,312.1606248698078,363.9615512078683
95,1,1,1,221.0,226.02005667791943,249.30008299219492
96,1,1,1,250.0,264.07948533069185,268.0585687342188
97,1,1,1,231.0,274.80671257220604,273.81826816509124
98,1,1,1,273.0,289.6299688494472,313.6311604207656
99,8,8,0,1051.0,1183.432820958386,1530.8631369633256
100,8,8,0,950.0,1105.190685976064,1469.8241692103009
101,8,8,1,831.0,524.9016748378268,1196.534085918257
102,8,8,1,751.0,479.07526072818166,1136.5679903014131
103,8,8,1,777.0,775.6032667432133,1256.481433266771
104,8,8,1,801.0,801.0140654839715,1270.6194699725343
105,8,8,1,751.0,884.4793237713579,1331.5646738722019
106,8,8,1,739.0,883.53183582193,1332.160160539697
107,9,9,0,362.0,296.8950213697178,278.23714288580294
108,9,9,1,276.0,220.1987919195004,201.21469293701116
109,9,9,1,274.0,193.74322198081865,177.14695491386536
110,9,9,1,310.0,180.05451587247444,147.78555982808416
111,9,9,1,270.0,170.84824004720417,110.7015331234326
112,9,9,0,453.0,459.6332086400645,518.160050768815
113,9,9,1,427.0,407.1746544229771,357.6158842067824
114,9,9,1,365.0,361.0086174531448,343.6111865687073
115,9,9,1,422.0,363.9293269940515,336.25623709913054
116,9,9,1,427.0,287.16691527963934,361.41950239081496
117,9,9,0,532.0,584.2149806252484,618.4938833658886
118,9,9,1,528.0,564.9149919274173,462.94336520239125
119,9,9,1,534.0,523.5121179196952,465.1751240869874
120,9,9,1,460.0,527.6096373719234,475.2484226943992
121,9,9,1,480.0,461.6992372030139,475.2484226943992
122,10,9,0,423.0,458.3535971980779,449.94056206746353
123,10,9,1,394.0,283.362852685286,216.07041296351198
124,10,9,1,373.0,356.1279227790394,204.23372040716797
125,10,9,1,207.0,298.36384516552454,274.60477885839623
126,10,9,0,568.0,744.130226907218,674.1258146429842
127,10,9,1,443.0,606.1369045720843,419.11395851704566
128,10,9,1,467.0,638.4735305888655,416.4972458961539
129,10,9,1,484.0,613.3638616238887,422.12018597881286
130,10,9,1,340.0,644.1034082733287,484.5149883921845
131,10,9,1,512.0,637.9838636624763,490.20224603831355
132,10,9,0,508.0,718.2309067458334,664.8389573141626
133,10,9,1,428.0,579.4400330152868,423.26123835967155
134,10,9,1,383.0,623.0828033831195,415.9654065953663
135,10,9,1,420.0,605.5328760264581,445.4307083050364
136,10,9,0,455.0,761.0321299380524,740.2595910526652
137,10,9,1,511.0,625.0807070699492,467.06227614492906
138,10,9,1,488.0,602.552531575856,416.9567653254702
139,11,9,0,649.0,1090.0174209122413,700.2595066279066
140,11,9,1,529.0,937.2625507151728,429.3270430628761
141,11,9,1,612.0,919.3137330926304,427.1043188062206
142,12,12,0,101.65,58.72442764817412,116.67498300614696
143,12,12,1,90.76,48.55691733516083,72.53682325567189
144,12,12,1,79.87,43.39203013838037,67.60961589588567
145,12,12,1,68.98,39.05028821597515,63.516218067085276
146,12,12,1,90.76,49.88950223121368,46.566133537429494
147,12,12,1,88.94,50.49764097409043,62.28446151821544
148,13,13,0,495.0,467.38540268671176,604.8955181793003
149,13,13,1,373.8,315.6159571363248,368.6191815120441
150,14,14,0,57.73,65.52003168117649,79.35246680402105
151,14,14,1,49.09,55.12200265337379,68.98972103301713
152,14,14,1,51.1,57.14001962915403,68.98972103301713
153,14,14,1,44.71,45.33986192337414,66.78635324883669
154,14,14,1,57.04,61.87056591653497,61.42800590842103
155,14,14,1,56.92,62.17195806226839,61.42800590842103
156,14,14,1,55.5,58.21454814872532,61.54820864095626
157,14,14,0,70.15,74.53631686170891,89.68040132195017
158,14,14,1,45.84,50.87848988980251,77.05342723807047
159,14,14,1,49.06,55.469927008483786,77.05342723807047
160,14,14,1,38.89,28.621945674896224,74.60222884918437
161,14,14,1,67.61,66.23297116331455,67.6934868990478
162,14,14,1,66.34,66.91870527844227,67.6934868990478
163,14,14,1,63.85,57.91471820154784,67.56585902687738
164,0,0,0,760.0,737.6013894597111,735.6893136863317
165,0,0,0,480.0,727.2904876789112,704.3740949585587
166,0,0,1,340.0,623.6032630405336,583.8127653271911
167,0,0,1,300.0,551.1134711369825,583.8127653271911
168,0,0,1,360.0,637.7104482171717,593.4376714233235
169,0,0,1,260.0,510.3467291999663,548.1117622100347
170,0,0,1,460.0,642.0227661044188,616.7177857688002
171,0,0,1,410.0,564.0775474914959,614.5463210350681
172,0,0,1,480.0,667.7078724685606,650.8216367368339
173,0,0,1,360.0,509.10197613736375,548.1117622100347
174,0,0,0,193.0,158.50034705562666,182.34779013100612
175,0,0,1,99.0,108.10058455957608,143.128594215782
176,0,0,1,126.0,130.47959405032051,143.128594215782
177,0,0,1,77.0,95.77848452142356,116.00024655489995
178,0,0,1,95.0,124.06505947189328,116.00024655489995
179,0,0,1,135.0,139.3298970616475,162.04110371293052
180,0,0,1,172.0,142.96596963171947,168.2103238941343
181,0,0,1,115.0,129.1332725291394,139.24688247073055
182,0,0,1,139.0,135.2948178961051,139.24688247073055
183,15,15,0,56.0,28.54154806839149,71.11671090562129
184,15,15,1,29.0,20.86341547887095,27.067565996382484
185,15,15,1,33.0,24.8835285386039,36.43849261767332
186,15,15,1,24.0,26.420369625069227,39.43276563282524
187,15,15,1,47.0,28.39330883208669,54.17963090899315
188,15,15,1,36.0,20.80028826855545,27.067565996382484
189,15,15,1,41.0,25.0723333942027,36.65451945433318
190,15,15,1,37.0,26.919709491506584,41.450414525805684
191,15,15,1,56.0,28.067388403814338,52.18939123112108
192,16,16,0,901.0,1360.865743131309,1077.7690404121465
193,16,16,1,761.0,1171.4332316874309,900.6765491413221
194,16,16,1,781.0,1171.4332316874309,900.6765491413221
195,16,16,1,831.0,1171.4332316874309,900.6765491413221
196,16,16,1,671.0,1171.4332316874309,900.6765491413221
197,16,16,1,681.0,1171.4332316874309,900.6765491413221
198,17,17,0,234.0,205.0715664257822,248.15820319090665
199,17,17,1,182.0,149.57920055096554,182.41643369041174
200,17,17,1,145.0,102.5357832128911,174.7733225035942
201,17,17,1,198.0,179.43762062255942,194.98661672356604
202,17,17,1,180.0,150.91216573273311,187.34350553674855
203,17,17,1,213.0,188.48127670193645,200.16325958028742
204,17,17,1,197.0,169.53266396419414,192.5201483934699
205,17,17,1,218.0,192.82879391016303,209.74352611518304
206,17,17,1,212.0,178.8018987666395,202.10041492836552
207,17,17,1,220.0,195.3511741772001,214.12385360370627
208,17,17,1,215.0,184.23629527692276,206.48074241688875
209,17,17,1,223.0,197.01225386524897,222.3706859015328
210,17,17,1,219.0,187.8250476893739,214.72757471471527
211,0,0,1,128.0,117.9550472089434,147.1989379323232
212,0,0,1,112.0,133.2498849970364,147.1989379323232
213,0,0,1,78.0,101.21329417508736,118.48780848199215
214,0,0,1,98.0,127.13194988179922,118.48780848199215
215,0,0,1,53.0,93.9315359273886,120.33437297358205
216,0,0,1,141.0,124.50548416394672,120.33437297358205
217,0,0,1,147.0,138.97463662157713,154.94376629480638
218,0,0,1,119.0,140.84619003729233,154.94376629480638
219,0,0,1,143.0,130.71778331695106,150.87342257826518
220,0,0,1,166.0,136.56835365851467,150.87342257826518
221,0,0,1,159.0,123.73484452218165,126.23263684447545
222,0,0,1,142.0,133.54870444996573,126.23263684447545
223,0,0,1,99.0,117.9550472089434,128.07920133606518
224,0,0,1,107.0,131.34687690206545,128.07920133606518
225,0,0,1,100.0,113.22898165077174,128.07920133606518
226,0,0,1,158.0,129.67977890151238,128.07920133606518
227,0,0,1,192.0,145.80030202006796,169.0273319231836
228,0,0,1,176.0,144.8723889820243,169.0273319231836
229,0,0,1,152.0,134.69680024279944,140.31620247285258
230,0,0,1,199.0,137.92090486651057,140.31620247285258
231,0,0,1,141.0,125.35476050385113,142.16276696444243
232,0,0,1,185.0,133.65879582736073,142.16276696444243
233,18,-1,0,129.0,126.37458770522616,
234,19,-1,0,365.0,322.507252708739,
235,20,-1,0,2450.0,2147.087687257353,
236,21,-1,0,411.0,353.6492758410652,
237,22,-1,0,216.0,198.52065710854205,
238,23,-1,0,98.0,68.41686400105318,
239,24,-1,0,199.0,173.57502215030178,
240,25,-1,0,330.0,256.91470626127466,
241,26,-1,0,440.0,397.1733858279232,
242,27,-1,0,578.0,460.1574366070965,
243,28,-1,0,152.0,112.92714978744884,
244,29,-1,0,283.0,290.54491546222766,
245,30,-1,0,194.0,170.23764573765945,
246,31,-1,0,322.0,273.8076271856855,
247,32,-1,0,2153.0,2347.595865445065,
248,33,-1,0,306.0,303.33007641453105,
249,34,-1,0,330.0,241.980863419585,
250,35,-1,0,447.0,511.2635128374206,
251,36,-1,0,315.0,292.64848740947,
252,37,-1,0,83.0,60.76806634186888,
253,38,-1,0,600.0,506.3916731437825,
254,39,-1,0,281.0,214.07384773866303,
255,40,-1,0,280.0,222.61614592786333,
256,41,-1,0,334.0,289.05185583019875,
257,42,-1,0,260.0,223.65455003486645,
258,19,-1,0,356.0,299.77383162900503,
259,20,-1,0,2050.0,1784.4968716611138,
260,43,-1,0,177.0,142.77565387790503,
261,44,-1,0,78.0,70.90137173703032,
262,45,-1,0,648.0,593.6316777601394,
263,46,-1,0,251.0,295.57488683533245,
264,23,-1,0,104.0,69.3045429871995,
265,47,-1,0,341.0,250.36342010590505,
266,48,-1,0,603.0,624.551684773654,
267,49,-1,0,1450.0,1262.247688465089,
268,50,-1,0,244.0,163.25180771353206,
269,51,-1,0,166.0,212.99427576590188,
270,52,-1,0,378.0,262.99985896900523,
271,53,-1,0,187.0,133.70112256986334,
272,54,-1,0,628.0,512.3587456963319,
273,55,-1,0,165.0,126.88357058921814,
274,56,-1,0,368.0,177.5788162182076,
275,57,-1,0,243.0,329.2032439021704,
276,58,-1,0,394.0,338.87539416825894,
277,59,-1,0,339.0,277.05280416477007,
278,60,-1,0,498.0,331.28989581473047,
279,61,-1,0,307.0,115.65289398803246,
280,27,-1,0,311.0,341.9686893048013,
281,62,-1,0,426.0,343.23303478393206,
282,63,-1,0,311.0,257.66787404590883,
283,64,-1,0,83.0,66.0123932006206,
284,65,-1,0,371.0,350.57736367598403,
285,66,-1,0,338.0,160.360011543967,
286,49,-1,0,1100.0,1201.4080208866587,
287,67,-1,0,358.0,258.5579974499848,
288,68,-1,0,45.0,38.68110996631284,
289,68,-1,0,97.0,63.31896470237342,
290,69,-1,0,331.0,237.8301096604294,
291,21,-1,0,431.0,429.4430953844009,
292,70,-1,0,34.0,32.59955766337806,
293,71,-1,0,194.0,150.4617086683468,
294,72,-1,0,1381.0,1362.374379439441,
295,73,-1,0,464.0,403.44147167461375,
296,45,-1,0,547.0,534.359754304072,
297,74,-1,0,668.0,454.4366170476456,
298,75,-1,0,436.0,406.4040944412553,
299,76,-1,0,365.0,337.78141899722783,
300,77,-1,0,227.0,136.93965212599375,
301,20,-1,0,2400.0,2201.1649125244007,
302,78,-1,0,245.0,178.9414856809913,
303,79,-1,0,245.0,123.1491064153663,
304,80,-1,0,480.0,378.8031845577457,
305,81,-1,0,136.0,96.97156060339792,
306,82,-1,0,301.0,378.1868152664493,
307,83,-1,0,645.0,485.9910037840327,
308,84,-1,0,38.0,30.68239128886685,
309,85,-1,0,362.0,304.3633582272209,
310,86,-1,0,63.0,70.73991235127242,
311,86,-1,0,126.0,76.66640816739239,
312,87,-1,0,799.0,419.40101131766784,
313,88,-1,0,365.0,334.26330050788266,
314,89,-1,0,264.0,224.5129096349595,
315,90,-1,0,262.0,159.87671627602896,
316,27,-1,0,505.0,439.1140262710658,
317,66,-1,0,284.0,137.72627832678214,
318,91,-1,0,265.0,224.9812588272148,
319,92,-1,0,117.0,76.04934275777029,
320,93,-1,0,248.0,215.8580466732727,
321,94,-1,0,136.0,122.78412335174885,
322,95,-1,0,243.0,189.5388018446806,
323,27,-1,0,356.0,320.59467385301144,
324,79,-1,0,181.0,113.77764824614914,
325,96,-1,0,280.0,247.55051539535756,
326,97,-1,0,258.0,278.64119883753267,
327,98,-1,0,1024.0,951.7062070929604,
328,99,-1,0,170.0,207.25207933400583,
329,99,-1,0,540.0,398.04008399438817,
330,21,-1,0,242.0,276.5721760912752,
331,100,-1,0,258.0,265.89991558029703,
332,101,-1,0,145.0,123.41881297071154,
333,102,-1,0,139.0,165.03973925572612,
334,93,-1,0,154.0,141.15661893707187,
335,103,-1,0,113.0,60.702317047867055,
336,35,-1,0,485.0,539.5217108554173,
337,104,-1,0,36.0,31.34332532788937,
338,104,-1,0,71.0,43.7126767183661,
339,90,-1,0,248.0,154.67450665345197,
340,105,-1,0,222.0,185.25199601645588,
341,31,-1,0,335.0,342.534693455034,
342,51,-1,0,151.0,212.99427576590188,
343,106,-1,0,377.0,299.22863993134524,
344,107,-1,0,49.0,39.00673805969706,
345,65,-1,0,202.0,203.32316342527136,
346,108,-1,0,266.0,237.6621652435068,
347,109,-1,0,1111.0,936.402463201877,
348,104,-1,0,55.0,37.37943562947979,
349,20,-1,0,2250.0,1948.4276893924812,
350,110,-1,0,196.0,151.06559430503597,
351,111,-1,0,267.0,188.5005057215661,
352,112,-1,0,600.0,607.215904510282,
353,30,-1,0,176.0,145.85325281472345,
354,23,-1,0,94.0,68.55564098173194,
355,113,-1,0,240.0,137.185458991485,
356,114,-1,0,182.0,137.10610865848054,
357,27,-1,0,445.0,351.94432663516466,
358,115,-1,0,216.0,290.3391692699733,
359,114,-1,0,109.0,93.79117068200505,
360,116,-1,0,491.0,403.4539514115785,
361,117,-1,0,214.0,175.84878431791768,
362,118,-1,0,395.0,285.63171651129124,
363,119,-1,0,320.0,313.2063225584282,
364,111,-1,0,198.0,251.47509463777632,
365,47,-1,0,405.0,279.1043700140027,
366,37,-1,0,61.0,43.59184104186356,
367,120,-1,0,60.0,47.55073059884858,
368,65,-1,0,188.0,182.51289924614645,
369,121,-1,0,35.0,26.0651147076211,
370,122,-1,0,349.0,421.3815696468581,
371,123,-1,0,478.0,445.24713615559415,
372,124,-1,0,162.0,107.25606201241573,
373,125,-1,0,301.0,376.1047079077699,
375,22,-1,0,196.0,194.91845198542904,
376,65,-1,0,405.0,366.24339132255807,
377,83,-1,0,543.0,446.788414446082,
378,57,-1,0,249.0,329.2032439021704,
379,126,-1,0,330.0,245.16436528369536,
380,115,-1,0,220.0,290.3391692699733,
381,127,-1,0,390.0,304.1973710310812,
382,117,-1,0,123.0,111.02701220096849,
383,128,-1,0,246.0,245.02780244869555,
384,47,-1,0,319.0,249.80581598797343,
385,104,-1,0,44.0,32.379528877828434,
386,27,-1,0,329.0,296.4723648856571,
387,66,-1,0,421.0,177.95776640928716,
388,129,-1,0,78.0,32.59955766337806,
389,130,-1,0,626.0,593.8320573722052,
390,27,-1,0,392.0,292.7712339179841,
391,131,-1,0,583.0,468.25775549320525,
392,132,-1,0,285.0,241.51374041814535,
393,133,-1,0,239.0,176.67355573996372,
394,53,-1,0,172.0,133.70112256986334,
395,55,-1,0,165.0,159.0553508671524,
396,19,-1,0,351.0,365.7761225460808,
397,134,-1,0,400.0,379.54820941719487,
398,66,-1,0,221.0,121.73686064606603,
399,135,-1,0,183.0,135.24001575857693,
400,136,-1,0,216.0,164.8868817980822,
401,137,-1,0,220.0,198.65505656171956,
402,98,-1,0,540.0,580.0055630645819,
403,138,-1,0,1046.0,1318.0554059683209,
404,27,-1,0,334.0,297.46956275466414,
405,27,-1,0,275.0,226.47800393011352,
406,139,-1,0,404.0,291.3990248098257,
407,68,-1,0,90.0,53.81253075295032,
408,140,-1,0,245.0,138.81422857254609,
409,141,-1,0,129.0,125.48702010493662,
410,104,-1,0,66.0,42.76273917168447,
411,142,-1,0,313.0,187.76628950391955,
412,49,-1,0,1550.0,1344.228375026833,
413,27,-1,0,400.0,380.0595351912613,
414,49,-1,0,1200.0,1113.3624673206216,
415,27,-1,0,364.0,353.4137895387946,
416,106,-1,0,254.0,315.08295307246163,
417,117,-1,0,197.0,149.3818798329232,
418,111,-1,0,199.0,251.47509463777632,
419,143,-1,0,255.0,230.0151698995535,
420,57,-1,0,239.0,329.2032439021704,
421,47,-1,0,297.0,224.10397137002136,
422,144,-1,0,408.0,328.1877734295236,
423,145,-1,0,227.0,205.45858180243536,
424,146,-1,0,180.0,139.58761921963247,
425,147,-1,0,322.0,216.0786244088696,
426,148,-1,0,537.0,434.4544328432614,
427,104,-1,0,71.0,42.19200468728265,
428,149,-1,0,332.0,318.3093633831538,
429,150,-1,0,444.0,461.13520706832026,
430,105,-1,0,198.0,180.12524528046575,
431,31,-1,0,292.0,260.2037820701101,
432,31,-1,0,301.0,299.5737689499913,
433,151,-1,0,241.0,267.83405318283604,
434,152,-1,0,1659.0,1993.152535381574,
435,153,-1,0,150.0,159.82782646507772,
436,111,-1,0,356.0,269.05862002590163,
437,154,-1,0,433.0,339.876959157497,
438,75,-1,0,534.0,439.7522951702832,
439,155,-1,0,686.0,572.269424386936,
440,156,-1,0,332.0,310.80183755328954,
441,31,-1,0,422.0,394.81371492887786,
442,157,-1,0,294.0,175.0481404079691,
443,158,-1,0,177.0,140.5202903318923,
444,159,-1,0,2681.0,3356.2026480289705,
445,97,-1,0,282.0,279.02802810371986,
446,22,-1,0,184.0,229.83622460880417,
447,160,-1,0,170.0,103.815089537075,
448,19,-1,0,356.0,337.90586491762497,
449,29,-1,0,825.0,862.8287178336773,
450,29,-1,0,257.0,292.8089136387951,
451,161,-1,0,418.0,280.7164772661405,
452,162,-1,0,204.0,165.03973925572612,
453,104,-1,0,56.0,39.63307101285572,
454,127,-1,0,365.0,307.31772677113275,
455,163,-1,0,579.0,601.9325006357468,
456,59,-1,0,531.0,372.3621484962805,
457,164,-1,0,183.0,154.72475972114214,
458,165,-1,0,696.0,578.76659950058,
459,68,-1,0,66.0,43.6820699996818,
460,166,-1,0,789.0,473.389440272314,
461,167,-1,0,236.0,208.6643083733453,
462,104,-1,0,67.0,41.69113679224232,
463,59,-1,0,339.0,269.6833852983458,
464,43,-1,0,198.0,142.77565387790503,
465,82,-1,0,443.0,460.3500789254514,
466,168,-1,0,357.0,303.7038790087683,
467,23,-1,0,104.0,70.37216598787292,
468,169,-1,0,197.0,132.60519156620185,
469,27,-1,0,467.0,416.34158750032753,
470,170,-1,0,965.0,972.1727333869104,
471,171,-1,0,71.0,69.57877200372954,
472,65,-1,0,331.0,349.0122653180288,
473,172,-1,0,64.0,61.0915393411888,
474,86,-1,0,88.0,56.94451226030516,
475,111,-1,0,249.0,234.5137783558436,
476,37,-1,0,88.0,58.17960324812106,
477,170,-1,0,1041.0,1115.3057043389006,
478,111,-1,0,200.0,251.47509463777632,
479,75,-1,0,498.0,424.6893582125265,
480,92,-1,0,105.0,76.82943169278319,
481,104,-1,0,79.0,45.44995927013478,
482,105,-1,0,137.0,152.87744976421573,
483,173,-1,0,160.0,142.79737442472938,
484,33,-1,0,271.0,236.9460307810684,
485,174,-1,0,400.0,270.0547989959104,
486,175,-1,0,430.0,347.1544957353244,
487,27,-1,0,378.0,367.2352933973262,
488,176,-1,0,1099.0,482.70688642129073,
489,177,-1,0,180.0,125.45288164763332,
490,33,-1,0,230.0,205.08662248366304,
491,173,-1,0,243.0,182.3670282161739,
492,59,-1,0,292.0,352.4032249126804,
493,71,-1,0,148.0,123.1980581501266,
494,125,-1,0,397.0,384.99370643731487,
495,178,-1,0,149.0,165.03973925572612,
496,111,-1,0,202.0,251.47509463777632,
497,111,-1,0,320.0,239.435077174444,
498,179,-1,0,152.0,127.8683183737726,
499,52,-1,0,343.0,259.7956866666174,
500,49,-1,0,1450.0,1300.9644988236528,
501,84,-1,0,57.0,37.700128495810695,
502,180,-1,0,252.0,201.6553367892953,
503,104,-1,0,57.0,35.895415261693294,
504,163,-1,0,580.0,603.4779053658197,
505,28,-1,0,240.0,149.85117035570025,
506,124,-1,0,215.0,120.4035851645084,
507,105,-1,0,174.0,176.97830693255972,
508,181,-1,0,361.0,237.0643477917611,
509,182,-1,0,105.0,84.0938925011529,
510,111,-1,0,258.0,177.73290280575668,
511,111,-1,0,201.0,251.47509463777632,
512,183,-1,0,483.0,423.3591859886576,
513,21,-1,0,254.0,250.6870399010604,
514,27,-1,0,512.0,377.56093215512914,
515,184,-1,0,88.0,76.56231039233646,
516,27,-1,0,534.0,371.23891235993966,
517,185,-1,0,503.0,420.1492462782253,
518,186,-1,0,183.0,124.68424804332328,
519,62,-1,0,318.0,212.61358712689963,
520,62,-1,0,287.0,325.2288757857098,
521,187,-1,0,31.0,26.46711342001496,
522,22,-1,0,211.0,244.1745331693828,
523,93,-1,0,214.0,184.88167104943125,
524,160,-1,0,135.0,103.815089537075,
525,104,-1,0,85.0,52.85453448160348,
526,140,-1,0,181.0,131.0687942111784,
527,188,-1,0,88.0,75.54918156132571,
528,111,-1,0,356.0,282.523367983686,
529,19,-1,0,302.0,265.4110257389885,
530,48,-1,0,489.0,476.6225760315255,
531,116,-1,0,332.0,321.3436971013749,
532,189,-1,0,1662.0,1231.457617178102,
533,104,-1,0,49.0,35.44173522559852,
534,22,-1,0,165.0,181.6769442298581,
535,190,-1,0,530.0,420.9245614923533,
536,27,-1,0,371.0,308.137740397768,
537,111,-1,0,203.0,251.47509463777632,
538,191,-1,0,334.0,316.0707820539554,
539,192,-1,0,960.0,952.4500670126477,
540,47,-1,0,286.0,221.17877099794535,
541,79,-1,0,201.0,136.8534311085535,
542,193,-1,0,24.0,26.0651147076211,
543,97,-1,0,258.0,252.0010187883252,
544,122,-1,0,306.0,337.3440899749556,
545,194,-1,0,235.0,143.02140046131512,
546,195,-1,0,1356.0,841.6431020240467,
547,196,-1,0,36.0,32.59955766337806,
548,104,-1,0,49.0,33.48255780817845,
549,62,-1,0,240.0,210.1835047282333,
550,30,-1,0,194.0,148.567321329499,
551,197,-1,0,285.0,241.6012725757423,
552,37,-1,0,87.0,57.053536594674725,
553,23,-1,0,113.0,80.50204621527229,
554,35,-1,0,317.0,443.22789749876085,
555,198,-1,0,257.0,295.60917900468297,
556,27,-1,0,400.0,335.0330745683221,
557,199,-1,0,244.0,210.0855695366937,
558,199,-1,0,1165.0,973.6315901352712,
559,173,-1,0,108.0,119.10100425885275,
560,200,-1,0,1107.0,922.4720594038624,
561,27,-1,0,334.0,359.61150960035684,
562,114,-1,0,172.0,106.11008703025878,
563,49,-1,0,1400.0,1327.5354103744212,
564,201,-1,0,324.0,236.8153980986511,
565,65,-1,0,489.0,386.2143671167392,
566,82,-1,0,363.0,436.2386049548295,
567,27,-1,0,547.0,405.3199246042987,
568,27,-1,0,191.0,197.9364795020567,
569,202,-1,0,314.0,321.5869612211695,
570,203,-1,0,2224.0,2336.244801054268,
571,59,-1,0,411.0,346.272022984864,
572,204,-1,0,288.0,195.72978850860892,
573,205,-1,0,560.0,380.6311447461747,
574,86,-1,0,124.0,70.15071211693379,
575,170,-1,0,1021.0,979.9938834476656,
576,206,-1,0,129.0,165.03973925572612,
577,207,-1,0,265.0,158.7040972176965,
578,49,-1,0,1300.0,1194.5411126675745,
579,208,-1,0,446.0,338.65726284223115,
580,83,-1,0,489.0,362.68432354427694,
581,209,-1,0,117.0,77.64598997315979,
582,210,-1,0,98.0,91.58861708468604,
583,97,-1,0,343.0,279.02802810371986,
584,103,-1,0,123.0,68.99179744073909,
585,23,-1,0,100.0,77.97991787254301,
586,211,-1,0,33.0,32.59955766337806,
587,212,-1,0,360.0,318.9214314661401,
588,59,-1,0,394.0,309.60264371712606,
589,23,-1,0,82.0,61.89398422312784,
590,90,-1,0,236.0,164.40057616258954,
591,213,-1,0,825.0,754.3910362832298,
592,27,-1,0,356.0,290.82389256515256,
593,97,-1,0,304.0,279.02802810371986,
594,83,-1,0,396.0,273.4449176738657,
595,27,-1,0,374.0,409.4374409238962,
596,84,-1,0,73.0,40.73145206342555,
597,49,-1,0,1250.0,1217.4113943612836,
598,90,-1,0,190.0,150.6274253920593,
599,214,-1,0,181.0,148.151242156676,
600,215,-1,0,210.0,191.2801192563284,
601,104,-1,0,52.0,37.13193574213515,
602,160,-1,0,120.0,85.7787751918657,
603,216,-1,0,904.0,749.9330693921959,
604,217,-1,0,1079.0,929.8528210156736,
605,217,-1,0,258.0,259.61639147044554,
606,27,-1,0,389.0,287.99461801358814,
607,218,-1,0,889.0,916.934066978228,
608,114,-1,0,185.0,123.54806205341832,
609,199,-1,0,294.0,219.70421288418265,
610,104,-1,0,57.0,40.577068241374725,
611,97,-1,0,319.0,278.64119883753267,
612,83,-1,0,436.0,381.3091911019766,
613,98,-1,0,550.0,585.3825145447031,
614,19,-1,0,365.0,320.19274841718953,
615,19,-1,0,356.0,336.091215430565,
616,19,-1,0,351.0,361.342329959226,
617,19,-1,0,356.0,298.31372623977643,
618,134,-1,0,400.0,377.45860504789965,
619,134,-1,0,236.0,297.1714003950099,
620,27,-1,0,200.0,278.43783234448506,
621,27,-1,0,389.0,291.20819038689564,
622,27,-1,0,364.0,352.1800503070957,
623,27,-1,0,393.0,296.3863064929677,
624,27,-1,0,378.0,365.8397953059895,
625,27,-1,0,374.0,406.2467607830628,
626,27,-1,0,312.0,340.9024598451975,
627,52,-1,0,343.0,262.7633725507588,
628,52,-1,0,378.0,266.0052002681846,
629,219,-1,0,372.0,307.68497498938007,
630,219,-1,0,443.0,337.3904807350239,
631,220,-1,0,463.0,419.2534199748518,
632,220,-1,0,440.0,423.5432949447611,
633,220,-1,0,579.0,612.9507294800976,
634,220,-1,0,581.0,614.1790909408966,
635,221,-1,0,140.0,103.92642482583877,
636,221,-1,0,130.0,106.41662196897975,
637,177,-1,0,200.0,119.50571242967824,
638,177,-1,0,160.0,122.66534971583322,
639,222,-1,0,204.0,137.11277450013296,
640,222,-1,0,220.0,139.61430853167263,
641,223,-1,0,240.0,155.65448254825026,
642,223,-1,0,235.0,152.22106396090706,
643,177,-1,0,118.0,86.61854185410212,
644,177,-1,0,132.0,88.65394585609735,
645,177,-1,0,210.0,132.93970577939743,
646,177,-1,0,200.0,139.7776476641603,
647,177,-1,0,223.0,140.22854642475158,
648,177,-1,0,220.0,140.22854642475158,
649,177,-1,0,170.0,121.89206354462236,
650,177,-1,0,190.0,120.363475161841,
651,177,-1,0,169.0,106.9701338139488,
652,177,-1,0,160.0,107.9793456213421,
653,224,-1,0,189.0,117.52677632208348,
654,225,-1,0,192.0,117.79449199956544,
655,225,-1,0,160.0,123.7639038589538,
656,226,-1,0,150.0,120.6622911912752,
657,227,-1,0,301.0,266.6148300722636,
658,228,-1,0,292.0,272.9009828676136,
659,229,-1,0,660.0,642.744413106482,
660,229,-1,0,660.0,654.43322848643,
661,229,-1,0,750.0,709.7645306885871,
662,229,-1,0,750.0,734.9267499805409,
663,229,-1,0,635.0,713.735394272804,
664,229,-1,0,600.0,713.735394272804,
665,229,-1,0,400.0,489.8074606383045,
666,229,-1,0,660.0,509.4716923130852,
667,229,-1,0,540.0,500.6859410359392,
668,229,-1,0,710.0,502.80572050870353,
669,229,-1,0,600.0,418.23409853917934,
670,229,-1,0,600.0,431.15678467951614,
671,230,-1,0,190.0,214.7100755469221,
672,230,-1,0,240.0,231.37552677636955,
673,230,-1,0,312.0,287.11067315835504,
674,230,-1,0,341.0,284.8569642619434,
675,231,-1,0,186.0,145.20591769817818,
676,232,-1,0,450.4,349.44051404934635,
677,232,-1,0,427.0,338.0869271382622,
678,232,-1,0,302.4,222.29893185377037,
679,232,-1,0,307.0,248.3557673157821,
680,232,-1,0,306.4,230.84380684799976,
681,233,-1,0,274.0,218.7741613861899,
682,233,-1,0,277.0,228.07761021346928,
683,233,-1,0,249.0,200.08662470337725,
684,233,-1,0,240.0,197.3343078882856,
685,233,-1,0,170.0,147.17177736662288,
686,234,-1,0,503.0,445.4137479839556,
687,234,-1,0,537.0,460.8197211369088,
688,234,-1,0,799.0,655.4148019421438,
689,235,-1,0,301.0,286.06689625979294,
690,235,-1,0,363.0,320.15194944309894,
691,235,-1,0,443.0,333.85903540332185,
692,236,-1,0,423.0,388.42468916916425,
693,237,-1,0,615.0,711.9843332322638,
694,238,-1,0,230.0,204.81717138905037,
695,238,-1,0,316.8,257.8025177708727,
696,238,-1,0,443.2,355.8416522461994,
697,239,-1,0,586.6,435.131956828802,
698,239,-1,0,805.3,571.5863246555226,
699,239,-1,0,522.3,425.8083209582293,
700,239,-1,0,796.8,551.0362400426623,
701,240,-1,0,356.0,291.04956977269626,
702,240,-1,0,470.0,409.0362491309282,
703,240,-1,0,646.0,545.9092676724653,
704,241,-1,0,408.0,290.25901422620484,
705,240,-1,0,360.0,288.6189797223041,
706,240,-1,0,357.0,280.6317447079436,
707,240,-1,0,293.0,257.2657262428187,
708,240,-1,0,412.0,323.70512834236047,
709,240,-1,0,354.0,296.7622834221859,
710,98,-1,0,440.0,584.2406990471552,
711,98,-1,0,408.0,549.7915473420111,
712,98,-1,0,763.0,809.9159349535673,
713,242,-1,0,140.0,177.7965516687366,
714,242,-1,0,115.0,164.06334055905344,
715,243,-1,0,989.0,893.6430891025041,
716,243,-1,0,1433.0,1220.8859740315015,
717,243,-1,0,860.0,863.7156259293688,
718,243,-1,0,1094.0,1073.9047910989957,
719,243,-1,0,839.0,801.7930153739863,
720,243,-1,0,1102.0,955.368439138324,
721,244,-1,0,479.0,450.6598054600886,
722,244,-1,0,678.0,681.6610577495343,
723,244,-1,0,675.0,570.7377747820756,
724,244,-1,0,798.0,640.0941450881987,
725,244,-1,0,811.0,654.557382048006,
726,244,-1,0,802.0,762.5943639097761,
727,244,-1,0,788.0,652.6675604687086,
728,244,-1,0,801.0,579.3984666422493,
729,245,-1,0,219.0,238.4443495159502,
730,246,-1,0,228.0,205.7316902647365,
731,246,-1,0,481.0,464.40049244181154,
732,247,-1,0,682.0,789.2919884311887,
733,98,-1,0,974.0,1014.4097581929932,
734,248,-1,0,1324.0,1239.4174130196384,
735,249,-1,0,1625.0,1537.190687284654,
736,250,-1,0,2491.0,2501.866764787298,
737,251,-1,0,473.0,430.5815087670562,
738,251,-1,0,600.0,478.5639712561189,
739,251,-1,0,723.0,504.4662168776736,
740,251,-1,0,801.0,558.3870479596491,
741,252,-1,0,678.0,441.4362454773097,
742,252,-1,0,692.0,500.1616877973472,
743,252,-1,0,691.0,484.0160484579311,
744,252,-1,0,855.0,548.3571268227184,
745,253,-1,0,974.0,1035.0456753819092,
746,254,-1,0,289.2,276.20906151123285,
747,254,-1,0,412.9,360.6624557191945,
748,254,-1,0,429.0,384.24344788869,
749,254,-1,0,460.9,407.8688687099617,
750,255,-1,0,393.9,233.93978659972356,
751,255,-1,0,361.3,228.99869493836337,
752,255,-1,0,385.2,232.1851721523288,
753,256,-1,0,985.0,932.500775284222,
754,257,-1,0,961.0,966.4937317509076,
