row754,series,has_opening,fold,V_exp,V_def,V_opt
1,0,0,0,201.73,168.132821609852,169.4336981182294
2,0,1,0,128.13,134.3041929234186,144.94458580443006
3,0,1,0,136.7,143.09347509973725,152.7085406793047
4,0,1,0,159.56,151.65972181854022,159.23811358131496
11,1,0,3,249.9,354.8396872476634,355.43757983535096
12,1,0,3,216.4,355.29142907395595,357.87869799179214
13,1,0,3,259.2,351.37437205052277,352.9780712521856
14,1,0,3,232.3,348.2148504779043,351.1501550848779
15,1,1,3,187.6,250.69309498647064,223.52300345066504
16,1,1,3,178.6,259.9856853900672,225.74290928090085
17,1,1,3,233.7,248.38791696833155,222.3527045027547
18,1,1,3,187.6,203.51420465272508,194.79514850338984
19,1,1,3,213.9,199.422477428175,191.71228378919344
20,1,1,3,194.8,202.28167382317113,195.28328257573858
21,1,1,3,208.4,207.86746920715294,189.33275005172084
22,1,1,3,184.0,202.62565070095715,180.83550535248244
23,2,0,2,235.0,217.14355145510942,227.27596036361155
24,2,1,2,175.0,142.48222134815506,149.13472557594824
25,2,1,2,143.0,136.84386953496144,135.30208174586818
26,2,1,2,115.0,124.58485951914638,122.34166082971173
27,2,1,2,160.0,164.40740999391218,160.15089731368164
28,2,1,2,176.0,172.91734737569095,173.0547035183428
29,2,1,2,195.0,190.46897673634123,189.82994636612426
30,2,1,2,180.0,161.48529554117317,161.13291614032266
31,2,1,2,170.0,154.040869011237,153.4523522990209
32,2,1,2,150.0,143.3253727197291,144.826395062162
33,0,0,0,193.0,162.36826451495182,160.66378698295765
34,0,1,0,99.03,113.28625044932731,125.3667201234131
35,0,1,0,125.86,135.53346719552633,144.56844890859347
36,0,1,0,76.98,103.97378406700376,108.00213037716567
37,0,1,0,94.7,127.3240335876363,129.27252534507798
38,0,1,0,134.78,143.8390037588699,147.62504363718998
39,0,1,0,172.15,147.3633609383925,151.76041229632295
40,0,1,0,115.53,131.8812188986485,132.01019467975996
41,0,1,0,138.83,138.10502469952615,137.95222610610625
42,3,0,3,182.9,151.64547016313105,150.05979900492616
43,3,0,3,176.7,156.58465726229034,148.95849240309138
44,3,0,3,154.9,153.38948883355985,145.77608118251996
45,3,0,3,150.0,146.408271287632,137.62306708212103
46,3,1,3,140.2,73.36810853332288,85.73806620186105
47,3,1,3,137.0,72.66518445892093,84.14580009042247
48,3,1,3,119.3,69.75870240296602,82.02247566668177
49,3,1,3,109.2,66.55696342392648,78.13970493548712
50,3,1,3,120.4,63.71244454555232,79.44460851887025
51,3,1,3,118.2,63.11068363825306,77.9692200072694
52,3,1,3,100.9,60.68549239806505,75.91851432184491
53,3,1,3,91.6,58.059960674401744,72.11143421026671
54,4,0,4,427.0,500.1344654033755,476.28943605826004
55,4,1,4,315.0,361.3145210494149,325.87792445004055
56,4,1,4,222.0,331.84174417092095,302.6906031603253
57,4,1,4,210.0,319.5665696176582,285.79184130262104
58,4,1,4,339.0,378.5975854978166,329.27995374489376
59,4,1,4,300.0,370.5135446272842,323.4272564472856
60,4,1,4,261.0,361.9446785141713,315.49907397680136
62,0,1,0,110.41,92.03112687909665,92.81077809363534
63,0,1,0,158.61,112.81748360068923,129.91462237840165
64,0,1,0,71.45,91.90923120415006,92.68784976686494
65,0,1,0,87.66,75.74191990074708,73.57396509825836
66,0,1,0,123.0,118.25207602542635,116.89021338496904
67,0,1,0,56.33,77.29383005464517,74.38987904414115
68,0,1,0,73.58,68.44758359316101,66.85720319848656
69,0,1,0,102.63,117.82050132908812,114.77133151130525
70,0,1,0,43.15,69.57406773679708,67.26279552747154
71,5,0,2,83.3,199.3397826675524,208.7332773029516
72,5,1,2,76.1,181.9931234920142,185.83126043639749
73,5,1,2,54.4,169.56896615124765,172.84606301093007
74,5,1,2,72.5,160.46515526350515,164.45160560273953
75,5,1,2,81.3,164.10508922777544,167.5282490729698
76,5,1,2,72.8,160.46515526350515,164.45160560273953
77,5,1,2,71.6,160.46515526350515,164.45160560273953
78,6,0,4,590.2,749.2417377456785,766.6085996057188
79,6,1,4,550.2,626.0003652575703,576.8368675403322
80,6,1,4,517.3,539.3948023732991,488.18391580417386
81,6,1,4,452.9,514.1228499599106,462.7082001036182
86,7,0,1,475.0,545.7487298479236,558.5255793880298
87,7,1,1,240.0,384.96240846887156,395.3413423391053
88,7,1,1,250.0,444.85528930535196,440.86299285998973
89,7,1,1,237.0,348.62502530045543,346.5999140992921
90,7,1,1,455.0,548.111824427936,521.4187775982734
91,7,1,1,375.0,492.46619296260417,481.6189003983468
92,7,1,1,474.0,481.00649375137004,505.2181426100276
93,7,1,1,411.0,419.6456401604918,413.14533277158273
94,1,0,3,247.0,348.2148504779043,351.1501550848779
95,1,1,3,221.0,229.21947734503814,210.76176596502407
96,1,1,3,250.0,282.45528953371587,239.75975337782606
97,1,1,3,231.0,300.3102408672182,274.5831444053995
98,1,1,3,273.0,325.1090136793569,305.2434566857113
99,8,0,2,1051.0,1272.0721825123612,1280.4646374670538
100,8,0,2,950.0,1182.4656960902685,1201.3050551841675
101,8,1,2,831.0,463.27244550405845,471.7504970352857
102,8,1,2,751.0,433.1391261515482,437.6369181614551
103,8,1,2,777.0,674.1442875490417,693.8148233815001
104,8,1,2,801.0,694.823341648473,715.6645789702384
105,8,1,2,751.0,849.1555795109424,826.1360794772677
106,8,1,2,739.0,854.7704739532445,823.6872710614202
107,9,0,2,362.0,285.2993469184479,299.5771040892859
108,9,1,2,276.0,221.89300329789478,222.7357932313108
109,9,1,2,274.0,209.44026509511937,193.53501798109204
110,9,1,2,310.0,176.75257894566883,168.7877431648337
111,9,1,2,270.0,170.52986231340208,161.1504710721969
112,9,0,2,453.0,466.7294498570243,464.8109575769399
113,9,1,2,427.0,380.3637497337933,388.2378750081773
114,9,1,2,365.0,331.78436581732325,332.13407366499405
115,9,1,2,422.0,312.58403864112415,293.3759288189118
116,9,1,2,427.0,278.2006180287,253.52301267966493
117,9,0,2,532.0,473.45874503035293,492.59354830292466
118,9,1,2,528.0,432.76471159907516,449.9413959623534
119,9,1,2,534.0,391.8131478581088,410.18556489363465
120,9,1,2,460.0,361.7171211511057,371.83115671380926
121,9,1,2,480.0,314.913349299872,326.94161617729895
122,10,0,1,423.0,386.86414202932104,412.2578565793013
123,10,1,1,394.0,258.8827878337011,250.97187130197807
124,10,1,1,373.0,293.2644419268604,307.7564625239293
125,10,1,1,207.0,266.91185543918203,259.717974844891
126,10,0,1,568.0,643.6369955421605,688.8623506549902
127,10,1,1,443.0,491.4623291639266,508.25131541561086
128,10,1,1,467.0,543.7570492838144,539.9268185046391
129,10,1,1,484.0,494.4669945890388,510.3069672059553
130,10,1,1,340.0,510.4293684574965,551.5468920082965
131,10,1,1,512.0,510.0876433417495,546.306715093739
132,10,0,1,508.0,634.8529481158726,671.0610898339154
133,10,1,1,428.0,486.7191853645936,501.27239423073235
134,10,1,1,383.0,520.0990848178982,540.689860990254
135,10,1,1,420.0,501.84567547024284,506.6882942523016
136,10,0,1,455.0,664.2923591279705,715.7975678061587
137,10,1,1,511.0,503.6002862467777,522.7378347608693
138,10,1,1,488.0,488.1113985003954,509.49099249702135
139,11,0,4,649.0,767.3044248618041,808.4372871823454
140,11,1,4,529.0,678.2832799153412,686.938011588969
141,11,1,4,612.0,657.5100617609511,670.8903459831545
142,12,0,1,101.65,74.47769308531178,76.6001539687077
143,12,1,1,90.76,62.06265146731696,49.31025827107336
144,12,1,1,79.87,58.36358207764772,50.08521083109516
145,12,1,1,68.98,51.830664208005736,45.684560486921875
146,12,1,1,90.76,62.97929880925942,52.99973915654672
147,12,1,1,88.94,60.52127056535968,54.036902551943186
148,13,0,4,495.0,471.03684647183286,480.98017168679354
149,13,1,4,373.8,275.68211382342525,240.25823041617863
150,14,0,3,57.73,79.09969123277881,85.12866389163393
151,14,1,3,49.09,70.56980156784306,68.98052973798275
152,14,1,3,51.1,72.82263042385705,71.7976789222037
153,14,1,3,44.71,56.35943834796927,53.31109248109226
154,14,1,3,57.04,75.13647912248862,80.70576148821733
155,14,1,3,56.92,75.50249395248275,81.0989061486492
156,14,1,3,55.5,70.41692285769595,69.26282927933154
157,14,0,3,70.15,110.207499061486,106.48026251007123
158,14,1,3,45.84,73.71007738973667,69.59507403156651
159,14,1,3,49.06,80.39499205061608,75.72191017574649
160,14,1,3,38.89,41.565249064029274,37.199610452031266
161,14,1,3,67.61,97.9697464606896,92.4604511714779
162,14,1,3,66.34,100.02156624428278,96.7059096309006
163,14,1,3,63.85,82.88376340265827,74.96020420701628
164,0,0,0,760.0,745.4260710261469,753.9999374327401
165,0,0,0,480.0,739.2196030915818,730.6252775010373
166,0,1,0,340.0,651.7809906263086,663.9240330274115
167,0,1,0,300.0,578.2721696082324,615.9543400701061
168,0,1,0,360.0,663.9973503467932,650.0320150392389
169,0,1,0,260.0,523.8231457857937,536.7969842825869
170,0,1,0,460.0,658.8412032313436,684.2804921990854
171,0,1,0,410.0,586.7022029784619,632.9505344245893
172,0,1,0,480.0,684.5255677467345,683.9018299145841
173,0,1,0,360.0,520.6160117792382,534.4032850071922
174,0,0,0,193.0,173.23944346691385,171.86655673688958
175,0,1,0,99.0,120.72811302887953,133.74692802699244
176,0,1,0,126.0,144.46104860087823,154.2326534182698
177,0,1,0,77.0,110.59545731725855,114.95296042382024
178,0,1,0,95.0,135.71086009058067,137.59228117061173
179,0,1,0,135.0,153.19259521129405,157.5810568273242
180,0,1,0,172.0,156.94613499308872,161.9721954854546
181,0,1,0,115.0,140.45721712993216,140.50614216191065
182,0,1,0,139.0,147.0857458169488,146.8305924389979
183,15,0,4,56.0,37.05618958808403,36.71921984725225
184,15,1,4,29.0,23.07382773397745,23.964761523258478
185,15,1,4,33.0,27.245119713687757,26.633404481962213
186,15,1,4,24.0,28.867397251651838,27.754661063418062
187,15,1,4,47.0,32.64195748177543,31.452846444001153
188,15,1,4,36.0,23.004012397288136,23.87011341807834
189,15,1,4,41.0,27.431367118682992,26.87626229983441
190,15,1,4,37.0,29.749697187115004,28.312458185534425
191,15,1,4,56.0,32.04418071045204,31.07113300178789
192,16,0,1,901.0,1016.7829731875661,1136.4960459606214
193,16,1,1,761.0,878.238850827922,974.0327778027192
194,16,1,1,781.0,878.238850827922,974.0327778027192
195,16,1,1,831.0,878.238850827922,974.0327778027192
196,16,1,1,671.0,878.238850827922,974.0327778027192
197,16,1,1,681.0,878.238850827922,974.0327778027192
198,17,0,4,234.0,230.93228847396168,254.37238255883602
199,17,1,4,182.0,127.35207476208645,150.35990581137648
200,17,1,4,145.0,87.95598590776567,109.14718166493235
201,17,1,4,198.0,153.19447293868123,166.15895120385957
202,17,1,4,180.0,126.22187633480927,147.23599659632941
203,17,1,4,213.0,162.225783348096,178.00835494722764
204,17,1,4,197.0,139.96107910138116,158.60492195101304
205,17,1,4,218.0,177.92946850914595,186.89077627522587
206,17,1,4,212.0,155.77199638124333,170.1550915999455
207,17,1,4,220.0,190.31695468374667,194.36785690941332
208,17,1,4,215.0,165.98947330257798,180.88414316981337
209,17,1,4,223.0,191.9352281804277,196.55399815665368
210,17,1,4,219.0,169.22279452118335,184.35010077754927
211,0,1,0,128.0,133.35129329317755,145.17534547489038
212,0,1,0,112.0,148.77095125592788,158.11990081547052
213,0,1,0,78.0,112.81160754810489,117.15500968969167
214,0,1,0,98.0,139.35751266698335,137.69257995381477
215,0,1,0,53.0,120.89111516836219,115.63448898763882
216,0,1,0,141.0,136.4134094789794,137.77311821915367
217,0,1,0,147.0,154.89750299786442,158.6013920751957
218,0,1,0,119.0,156.97475007071364,160.39252609968207
219,0,1,0,143.0,143.57927797231017,149.58421092099164
220,0,1,0,166.0,150.17957752523148,154.8276557737746
221,0,1,0,159.0,135.3328307788903,133.38241913529058
222,0,1,0,142.0,145.1007783326955,142.70424406623292
223,0,1,0,99.0,128.943591757186,133.19178745419094
224,0,1,0,107.0,142.83638445666264,144.02895260402127
225,0,1,0,100.0,123.83165113905287,128.1972741052178
226,0,1,0,158.0,140.92531940673132,142.17167416493888
227,0,1,0,192.0,162.31359762593866,162.40079786893287
228,0,1,0,176.0,161.28058945378717,162.05231218696548
229,0,1,0,152.0,146.49098621310435,142.83018464480753
230,0,1,0,199.0,150.25590835795234,146.02305726602512
231,0,1,0,141.0,136.87826854369072,136.2339780141005
232,0,1,0,185.0,145.30714461184544,145.7382380245605
233,18,0,1,129.0,146.3254395477721,149.60732966190378
234,19,0,4,365.0,380.9936747844568,378.34916753954224
235,20,0,2,2450.0,2275.982046079965,2353.406848164849
236,21,0,3,411.0,390.674569599121,403.70080805292946
237,22,0,1,216.0,207.1918427623766,225.99531060228875
238,23,0,4,98.0,82.14068479465288,86.08167667745698
239,24,0,0,199.0,207.32643878031826,213.1171923692395
240,25,0,4,330.0,307.41510782426116,314.49675887699385
241,26,0,3,440.0,423.8743212688088,420.996304031729
242,27,0,1,578.0,502.1204634019242,524.5946135859673
243,28,0,0,152.0,149.74995387493766,155.63640383843722
244,29,0,2,283.0,297.2196332900729,310.8599434887213
245,30,0,0,194.0,225.0138475813577,213.64329559251752
246,31,0,2,322.0,276.21543010806704,296.83045206941625
247,32,0,0,2153.0,2052.8798207119303,2195.275252821869
248,33,0,3,306.0,370.3355869800626,362.38401688417787
249,34,0,2,330.0,279.81447667117425,279.80845470063747
250,35,0,0,447.0,516.7171060307531,533.8376603288009
251,36,0,4,315.0,310.85237850009554,310.1970997176407
252,37,0,4,83.0,88.64912824185522,89.34722280559946
253,38,0,2,600.0,575.2395793052311,555.538755409156
254,39,0,0,281.0,245.79174142879066,279.82619593333266
255,40,0,0,280.0,266.01513150154614,264.7302116076288
256,41,0,2,334.0,328.63828568183123,330.5862640601057
257,42,0,4,260.0,277.9053011228464,269.59889975435544
258,19,0,4,356.0,345.8891097452395,346.3026165143338
259,20,0,2,2050.0,1904.1842720974669,1971.0078930641562
260,43,0,4,177.0,183.03609350997488,181.19020929364973
261,44,0,4,78.0,86.30548352676914,85.86569496209114
262,45,0,2,648.0,631.0849572356564,617.8846051451962
263,46,0,1,251.0,319.8949088108029,321.3844827660647
264,23,0,4,104.0,83.82051481845731,87.75586438879034
265,47,0,4,341.0,280.23411118266574,313.3901729955741
266,48,0,4,603.0,642.9346317382845,657.4638275304048
267,49,0,2,1450.0,1289.0236684164051,1340.7321405621553
268,50,0,3,244.0,214.55606161398256,205.0401798360657
269,51,0,1,166.0,178.8193607078808,204.93391635439707
270,52,0,1,378.0,302.6293167613391,301.6490438477575
271,53,0,2,187.0,174.14782585445576,168.58923293889822
272,54,0,1,628.0,497.99153695261407,506.97909700374555
273,55,0,2,165.0,169.5698795343694,172.91281463406523
274,56,0,2,368.0,270.1146940011384,276.5736576671041
275,57,0,0,243.0,315.26500457656175,309.70698623864627
276,58,0,1,394.0,395.9358096481829,380.1870825985253
277,59,0,0,339.0,316.26155317772515,313.1665568404769
278,60,0,2,498.0,415.0757644564632,425.4802374116538
279,61,0,1,307.0,177.6143083478309,172.833774687616
280,27,0,1,311.0,390.5987643785503,398.8674815651031
281,62,0,0,426.0,401.40333073083144,400.34637370453345
282,63,0,0,311.0,287.9712527057806,296.38729250987444
283,64,0,1,83.0,76.37862980812768,76.49412259252412
284,65,0,2,371.0,422.8895287418772,427.34915630004144
285,66,0,1,338.0,303.1225832123077,270.62089303736144
286,49,0,2,1100.0,1214.9843013574439,1248.283730098785
287,67,0,1,358.0,320.24519971925343,320.2475631451709
288,68,0,4,45.0,50.54033224286068,52.2415658942173
289,68,0,4,97.0,99.59715187102597,96.9490917548363
290,69,0,2,331.0,275.3722163109931,279.52554080492183
291,21,0,3,431.0,459.1651427327446,469.44662441934037
292,70,0,2,34.0,39.90242022488495,40.44804723123834
293,71,0,4,194.0,186.10262117981597,183.2644568357865
294,72,0,4,1381.0,1484.2836413468915,1515.2828698360756
295,73,0,0,464.0,443.92672814281707,438.7056938315186
296,45,0,2,547.0,571.4390278644966,577.4237434333089
297,74,0,0,668.0,558.1548954875732,564.5775683112969
298,75,0,2,436.0,463.605777284492,454.69181226675175
299,76,0,3,365.0,353.46894278968693,353.1239114571949
300,77,0,1,227.0,181.88811455670137,189.0215720599935
301,20,0,2,2400.0,2344.1819181483193,2441.7245342497035
302,78,0,4,245.0,237.55327107510212,236.66992070827376
303,79,0,4,245.0,176.23956237149721,179.28441498183915
304,80,0,3,480.0,433.59737380150483,435.53736300052105
305,81,0,2,136.0,131.66926931517253,133.09321048503242
306,82,0,0,301.0,395.2182962330686,399.6626844168661
307,83,0,0,645.0,517.9196083778626,543.7926488384019
308,84,0,0,38.0,42.14832254831876,41.5456275023202
309,85,0,2,362.0,371.854241860571,351.8462512786239
310,86,0,3,63.0,107.65712068823498,104.90368055255134
311,86,0,3,126.0,113.83396963331813,109.52272944193034
312,87,0,3,799.0,449.74604047659216,431.6782446732691
313,88,0,3,365.0,379.2539578473266,375.76552854312695
314,89,0,2,264.0,251.36431038417663,251.72458243592953
315,90,0,0,262.0,205.73200724614077,200.5759499952088
316,27,0,1,505.0,452.12451982709723,476.76868694730547
317,66,0,1,284.0,262.7913027274927,226.9262405194575
318,91,0,3,265.0,233.78866838291972,232.2796206186745
319,92,0,1,117.0,101.63149964939981,101.72289306961326
320,93,0,4,248.0,286.7981689568211,280.1358751289453
321,94,0,1,136.0,136.83858944655307,146.32747215500774
322,95,0,1,243.0,202.8671707102462,205.63963400744612
323,27,0,1,356.0,382.7054659649907,379.4159219292606
324,79,0,4,181.0,180.82867769503179,178.21007017053194
325,96,0,3,280.0,293.26837171606826,277.69068055955756
326,97,0,0,258.0,281.3103417105143,277.8438040610702
327,98,0,3,1024.0,972.0308565369271,1009.0184819133412
328,99,0,1,170.0,237.71544713649317,238.80564283324037
329,99,0,1,540.0,452.5178191406423,440.79291959539535
330,21,0,3,242.0,316.2129229070786,316.8056797849561
331,100,0,3,258.0,277.76075662699753,276.8694509055812
332,101,0,2,145.0,157.66238446000125,158.5985711560091
333,102,0,1,139.0,156.8873727758492,169.36677508410312
334,93,0,4,154.0,179.73252543206135,179.32123624807085
335,103,0,0,113.0,77.22063414786626,78.92635682556545
336,35,0,0,485.0,545.7051041952304,563.6016998927755
337,104,0,2,36.0,40.9203523854811,43.13929362128813
338,104,0,2,71.0,67.81939635742515,63.93426481339292
339,90,0,0,248.0,194.362349964182,194.43388502578907
340,105,0,2,222.0,183.0383099475583,199.20076871076694
341,31,0,2,335.0,418.43942781925347,407.7482703774957
342,51,0,1,151.0,178.8193607078808,204.93391635439707
343,106,0,2,377.0,376.8086648734899,363.62515894013603
344,107,0,4,49.0,55.39844433623798,57.20648732627461
345,65,0,2,202.0,251.82031134921064,251.77434152390887
346,108,0,3,266.0,274.67467018280814,281.9963895339483
347,109,0,3,1111.0,1031.7393510605016,898.2733945951722
348,104,0,2,55.0,51.64381640381608,51.23383947808681
349,20,0,2,2250.0,2067.2844183674465,2133.125193873461
350,110,0,4,196.0,173.2131502892688,191.600996516451
351,111,0,4,267.0,248.17447632324922,256.5302936617736
352,112,0,4,600.0,630.84529729044,643.9965855884697
353,30,0,0,176.0,187.79376883339947,188.84128822925564
354,23,0,4,94.0,82.60495422693246,86.28870604485799
355,113,0,3,240.0,186.0626531769759,175.0058252557122
356,114,0,4,182.0,203.77472533305655,212.0491335550534
357,27,0,1,445.0,399.0425112279576,406.80303800784253
358,115,0,3,216.0,275.0498516229357,284.94008644832974
359,114,0,4,109.0,135.02837026255202,140.39390883556032
360,116,0,3,491.0,487.00468675024126,463.8176479435316
361,117,0,1,214.0,208.41436955792975,221.24836518429072
362,118,0,0,395.0,364.9253990082426,360.21832191087367
363,119,0,0,320.0,342.0283120793562,345.01672673059346
364,111,0,4,198.0,220.17221613375483,227.47088431064137
365,47,0,4,405.0,310.17633111816747,343.63423950022656
366,37,0,4,61.0,60.26218462924461,61.58381772620219
367,120,0,1,60.0,53.8243574536889,57.03096222984835
368,65,0,2,188.0,219.9221100524145,216.7213118180146
369,121,0,3,35.0,25.611283288123104,30.002168624102215
370,122,0,1,349.0,364.71290707969274,413.89054824105176
371,123,0,1,478.0,533.276442087146,501.5907537691932
372,124,0,3,162.0,181.52744678135923,150.7906248467422
373,125,0,3,301.0,383.57260124075026,397.87337278604554
375,22,0,1,196.0,203.51546442634964,219.33821732250817
376,65,0,2,405.0,447.04047402125974,443.81686228732553
377,83,0,0,543.0,456.47587727570294,476.1422838679472
378,57,0,0,249.0,315.26500457656175,309.70698623864627
379,126,0,1,330.0,268.3105451350678,276.9776426103246
380,115,0,3,220.0,275.0498516229357,284.94008644832974
381,127,0,2,390.0,298.9878757841499,315.49120552442537
382,117,0,1,123.0,128.51521453732562,142.38404037319592
383,128,0,1,246.0,312.40817999783,308.9597442156077
384,47,0,4,319.0,279.60997969287274,312.9360590463633
385,104,0,2,44.0,45.369683060569635,45.129213406128756
386,27,0,1,329.0,338.45179257166274,352.68816164868826
387,66,0,1,421.0,336.9456977481096,307.966121091773
388,129,0,3,78.0,44.27756041084988,45.25787743874485
389,130,0,1,626.0,625.3829328681022,630.7965664898531
390,27,0,1,392.0,334.57977302455373,333.4720324662968
391,131,0,0,583.0,579.5912891670507,576.4109218806805
392,132,0,1,285.0,271.1252254320021,275.86165637022896
393,133,0,1,239.0,219.98550459146142,229.12103169000096
394,53,0,2,172.0,174.14782585445576,168.58923293889822
395,55,0,2,165.0,220.09317472390458,215.44986400482236
396,19,0,4,351.0,434.1712067252715,421.7450643120275
397,134,0,3,400.0,425.9522051365869,421.9214635183609
398,66,0,1,221.0,223.73554255010697,202.42444974074488
399,135,0,0,183.0,179.27493070683596,177.15180823653216
400,136,0,1,216.0,186.10601900499495,192.70559229565578
401,137,0,2,220.0,252.22351812413527,249.34453064937313
402,98,0,3,540.0,536.7164024048863,582.200070922695
403,138,0,2,1046.0,1320.6022845968191,1352.6770878005761
404,27,0,1,334.0,339.5292943063932,346.46375853208025
405,27,0,1,275.0,256.35387284395716,261.96679231267814
406,139,0,3,404.0,313.06031947044056,323.3643978429046
407,68,0,4,90.0,82.73355762181995,82.30953696237502
408,140,0,4,245.0,191.70579895598487,192.93611222559773
409,141,0,3,129.0,134.59536218049476,141.46261588015284
410,104,0,2,66.0,61.84249402282143,61.10574243203252
411,142,0,4,313.0,272.0951523299655,247.80026432674762
412,49,0,2,1550.0,1375.2755221179068,1429.1390267810386
413,27,0,1,400.0,430.4728224394104,431.2024158463056
414,49,0,2,1200.0,1134.636377500504,1166.6422977004634
415,27,0,1,364.0,401.17479503909914,407.17984743345085
416,106,0,2,254.0,380.41606505002017,364.58017434844066
417,117,0,1,197.0,172.14946864086673,183.68701186501886
418,111,0,4,199.0,220.17221613375483,227.47088431064137
419,143,0,1,255.0,265.28122361451625,271.7870595423156
420,57,0,0,239.0,315.26500457656175,309.70698623864627
421,47,0,4,297.0,281.8887676809703,283.1573573266639
422,144,0,1,408.0,352.53227265721523,356.6240489983354
423,145,0,2,227.0,242.3440716916586,244.67140537215067
424,146,0,0,180.0,163.64166303985118,166.03655378514034
425,147,0,3,322.0,258.8266190248079,245.56592114399498
426,148,0,0,537.0,515.3652498694424,525.8195305516142
427,104,0,2,71.0,64.51412936586543,61.275319209914535
428,149,0,0,332.0,373.6089150900625,371.4466085332348
429,150,0,1,444.0,451.71732364927783,463.3956195433243
430,105,0,2,198.0,183.29835713237046,195.34217180912435
431,31,0,2,292.0,309.1275403667955,301.75359661645143
432,31,0,2,301.0,302.40885461082223,326.9214077354363
433,151,0,4,241.0,290.5830710289591,308.7932323882955
434,152,0,1,1659.0,2054.0702470225874,2233.059066460288
435,153,0,4,150.0,179.13006038123376,173.89225861385015
436,111,0,4,356.0,309.5543593677468,329.6509636621311
437,154,0,0,433.0,395.95915683677754,394.7027200465135
438,75,0,2,534.0,528.3278162762738,496.88779295847905
439,155,0,1,686.0,677.9625138657743,671.1826759794061
440,156,0,2,332.0,321.9232294705918,340.38891715507805
441,31,0,2,422.0,435.8971961761499,447.81207402166206
442,157,0,2,294.0,251.75468580401287,253.07024024709503
443,158,0,0,177.0,185.47332481683063,182.71600468836434
444,159,0,4,2681.0,3466.2468607430314,3606.974083487172
445,97,0,0,282.0,276.0155530199593,279.88370086449686
446,22,0,1,184.0,236.9312291261156,253.87815073808926
447,160,0,4,170.0,132.78811680624452,138.32144996218724
448,19,0,4,356.0,414.17079527889365,401.2463883499721
449,29,0,2,825.0,821.8008721967016,847.3642369382918
450,29,0,2,257.0,298.24083310268117,308.33579309316366
451,161,0,3,418.0,371.19392236542126,347.1860148560644
452,162,0,1,204.0,158.829624807977,161.59656163138737
453,104,0,2,56.0,53.64172857733309,54.44967818947232
454,127,0,2,365.0,295.71184594888615,316.2819707380129
455,163,0,0,579.0,544.6790685555872,581.8584666345683
456,59,0,0,531.0,387.01657387861604,404.84467977167617
457,164,0,2,183.0,189.06314985403927,198.6163627419376
458,165,0,3,696.0,662.8252889225693,602.6130807119158
459,68,0,4,66.0,63.021716323152106,63.902496007702325
460,166,0,1,789.0,758.2291368021779,684.6199284658518
461,167,0,3,236.0,280.17356063462245,269.4247591421497
462,104,0,2,67.0,62.67219522130804,60.258184070701176
463,59,0,0,339.0,290.87917851699774,295.5271686888796
464,43,0,4,198.0,183.03609350997488,181.19020929364973
465,82,0,0,443.0,516.1553414428678,518.5971478233281
466,168,0,3,357.0,347.87251519482754,369.3239267138871
467,23,0,4,104.0,85.57040037045358,91.52017330092946
468,169,0,0,197.0,191.17371483232316,198.74390890257652
469,27,0,1,467.0,431.00863898412524,430.40743971580184
470,170,0,3,965.0,988.6865655052637,1012.2610150094956
471,171,0,1,71.0,79.081494226021,81.19931062526044
472,65,0,2,331.0,421.06799884187336,425.2765971168349
473,172,0,4,64.0,78.55103808342042,77.10140064761819
474,86,0,3,88.0,82.24136337204351,79.02442821873002
475,111,0,4,249.0,275.8571726437038,297.8803420483432
476,37,0,4,88.0,87.07666434868172,83.69346790836047
477,170,0,3,1041.0,1135.9649504210033,1186.7482841241288
478,111,0,4,200.0,220.17221613375483,227.47088431064137
479,75,0,2,498.0,516.653030175461,473.25974737441453
480,92,0,1,105.0,101.50639923111439,100.96627794705519
481,104,0,2,79.0,64.43355907219306,64.56483455396493
482,105,0,2,137.0,156.68747308503362,167.4468407253771
483,173,0,3,160.0,198.40231792104322,190.40040596189786
484,33,0,3,271.0,281.47422494962683,276.5750853636488
485,174,0,0,400.0,353.67793693845323,350.2723669675345
486,175,0,0,430.0,401.5109975374832,407.19297731641376
487,27,0,1,378.0,420.2000420001515,419.6582376554155
488,176,0,0,1099.0,702.8589526364048,720.213513613165
489,177,0,3,180.0,198.71988456360134,185.36254787987153
490,33,0,3,230.0,242.55276947662765,241.57473985576792
491,173,0,3,243.0,229.81565613593963,229.15325024228324
492,59,0,0,292.0,380.54223106470045,394.4153111913148
493,71,0,4,148.0,148.32000338137033,147.42542426770325
494,125,0,3,397.0,391.5192029981203,404.5982292532518
495,178,0,0,149.0,164.61620223080695,167.22659837151195
496,111,0,4,202.0,220.17221613375483,227.47088431064137
497,111,0,4,320.0,358.239698798033,349.05920071332895
498,179,0,4,152.0,194.23990256915906,186.40997697714317
499,52,0,1,343.0,299.1751073440975,297.8176329191613
500,49,0,2,1450.0,1331.0123961197032,1383.1423084551411
501,84,0,0,57.0,56.16990778203582,53.60759734190027
502,180,0,3,252.0,234.7773032338864,240.5559499379418
503,104,0,2,57.0,48.950618296030974,49.31865385564126
504,163,0,0,580.0,545.8249630444718,581.6529515319842
505,28,0,0,240.0,186.08886866149265,190.6071609839223
506,124,0,3,215.0,205.49040084235838,169.19797219635313
507,105,0,2,174.0,178.9515265789614,191.8628490576708
508,181,0,2,361.0,309.2612821813147,293.3770885070226
509,182,0,0,105.0,96.16541832546464,102.92394678388469
510,111,0,4,258.0,236.88345654707896,246.90603590617098
511,111,0,4,201.0,220.17221613375483,227.47088431064137
512,183,0,3,483.0,454.0094789695579,446.8217857181017
513,21,0,3,254.0,285.1951221189818,290.92537535197573
514,27,0,1,512.0,425.2856366589317,428.4320742649046
515,184,0,0,88.0,112.55948380965694,110.5191514367732
516,27,0,1,534.0,420.2236860990431,414.1122474388078
517,185,0,3,503.0,502.4753755115195,504.00847610005576
518,186,0,2,183.0,156.02027024529187,153.23254987183608
519,62,0,0,318.0,294.06140227592914,280.92843936076537
520,62,0,0,287.0,363.6045004796282,354.8165184510164
521,187,0,1,31.0,40.572351247958636,39.20675856755639
522,22,0,1,211.0,240.51026336338745,265.0758297840208
523,93,0,4,214.0,222.2658143355933,226.42240510574408
524,160,0,4,135.0,132.78811680624452,138.32144996218724
525,104,0,2,85.0,81.82456855443084,76.54759310225727
526,140,0,4,181.0,193.9717529089075,188.20541002221728
527,188,0,0,88.0,94.97000569012317,96.6291452211181
528,111,0,4,356.0,382.1837312937586,394.5622640302026
529,19,0,4,302.0,311.3487105797242,310.69492959507886
530,48,0,4,489.0,467.13273524457566,467.24425634227657
531,116,0,3,332.0,367.92606234412546,374.1654038337436
532,189,0,4,1662.0,1263.9324376529942,1250.355150050187
533,104,0,2,49.0,49.84276026069045,50.7257704221928
534,22,0,1,165.0,199.29502282126725,204.92659914589032
535,190,0,3,530.0,501.522986164019,504.93853950736
536,27,0,1,371.0,355.5023707060575,350.7992207172748
537,111,0,4,203.0,220.17221613375483,227.47088431064137
538,191,0,4,334.0,350.5532325246308,347.93156627150734
539,192,0,0,960.0,1007.9445852632208,994.6527010748122
540,47,0,4,286.0,286.16781225135014,284.10288930836305
541,79,0,4,201.0,195.05270993201626,191.05510629145547
542,193,0,4,24.0,35.050645824843635,35.2853722768988
543,97,0,0,258.0,253.26593577356726,252.42514106810845
544,122,0,1,306.0,333.68199400787233,359.34055519528374
545,194,0,1,235.0,246.2028622357516,235.09997258429195
546,195,0,3,1356.0,1174.71844995343,1090.2708866963662
547,196,0,4,36.0,42.083188236980256,44.83231138389529
548,104,0,2,49.0,46.047293264552586,46.24749712135573
549,62,0,0,240.0,280.53467549270584,274.2555922306332
550,30,0,0,194.0,193.04206473958473,191.56248516420396
551,197,0,3,285.0,274.8286578322968,260.95926061903583
552,37,0,4,87.0,84.79503886238057,81.87100765587668
553,23,0,4,113.0,93.50324208263386,99.34096549751239
554,35,0,0,317.0,422.2129539137282,429.7977268658073
555,198,0,4,257.0,318.9347438169328,318.7168330230908
556,27,0,1,400.0,383.6039113050294,389.36184286804684
557,199,0,1,244.0,241.3891846422913,250.2668985711446
558,199,0,1,1165.0,901.59377405517,1019.1620600892605
559,173,0,3,108.0,164.09471174878595,161.0057551245295
560,200,0,0,1107.0,961.2094494453631,1037.626254428316
561,27,0,1,334.0,410.0044781942608,415.8254891918206
562,114,0,4,172.0,155.22924412945738,159.44253863314762
563,49,0,2,1400.0,1345.013367449847,1381.2997580605395
564,201,0,4,324.0,296.99059278388194,295.0168628447699
565,65,0,2,489.0,469.748257610954,468.06758207088404
566,82,0,0,363.0,489.973334874418,494.45518173928883
567,27,0,1,547.0,430.5488279887652,429.42277134477115
568,27,0,1,191.0,208.7621498097715,214.3762538293009
569,202,0,2,314.0,313.98341201398523,321.88348798381907
570,203,0,2,2224.0,2196.667008361946,2235.389098896307
571,59,0,0,411.0,364.3517355455296,373.591506705726
572,204,0,4,288.0,275.56624409777567,254.1800573430681
573,205,0,3,560.0,512.3143095449298,462.3715081409511
574,86,0,3,124.0,104.92005478240009,103.29178358618405
575,170,0,3,1021.0,996.573521781988,1020.0841260156363
576,206,0,2,129.0,184.74626861797023,189.99527406547134
577,207,0,3,265.0,217.2051342124067,202.68288661213825
578,49,0,2,1300.0,1214.4258729253004,1242.7893692228147
579,208,0,2,446.0,412.4866272141646,362.4729213671596
580,83,0,0,489.0,395.34369534827385,403.1954407982244
581,209,0,3,117.0,104.57191583675166,96.37314891826355
582,210,0,4,98.0,117.90581675611612,120.45136899964045
583,97,0,0,343.0,276.0155530199593,279.88370086449686
584,103,0,0,123.0,85.3929887155807,88.0941514786787
585,23,0,4,100.0,90.83453077747738,95.76212505664705
586,211,0,4,33.0,41.82786311296698,44.30597775434508
587,212,0,3,360.0,391.7679949993659,375.3484232495208
588,59,0,0,394.0,335.4487921439339,345.2611674994649
589,23,0,4,82.0,74.10568210944103,80.51822777130386
590,90,0,0,236.0,216.66918042036127,208.96493669090833
591,213,0,2,825.0,773.3911633109416,805.1552956672853
592,27,0,1,356.0,344.8649744583103,355.5497167658258
593,97,0,0,304.0,276.0155530199593,279.88370086449686
594,83,0,0,396.0,310.78135600397883,309.2131261584653
595,27,0,1,374.0,427.8390083507598,424.53050418391405
596,84,0,0,73.0,61.26807494078847,58.341794129849674
597,49,0,2,1250.0,1248.8344994811068,1295.9401376307446
598,90,0,0,190.0,187.44291401955277,191.49648354301218
599,214,0,1,181.0,187.56818151151597,189.35283394058465
600,215,0,2,210.0,243.98094055305305,240.2668098258723
601,104,0,2,52.0,50.6074633715636,52.02346904543842
602,160,0,4,120.0,104.4686065378612,108.64799538442205
603,216,0,1,904.0,792.8680261422263,798.4111204670799
604,217,0,3,1079.0,1023.8780090085305,891.990445167778
605,217,0,3,258.0,279.3415603498137,273.71440811538787
606,27,0,1,389.0,334.5585856878343,329.15591047949573
607,218,0,4,889.0,958.6549631878075,948.7628777247922
608,114,0,4,185.0,178.19536359886777,181.80200012602114
609,199,0,1,294.0,236.5190691960681,258.2769283437379
610,104,0,2,57.0,54.565774169449064,55.58973009268205
611,97,0,0,319.0,281.3103417105143,277.8438040610702
612,83,0,0,436.0,409.2071234421861,414.8131565349961
613,98,0,3,550.0,542.7307747018702,588.0367436526021
614,19,0,4,365.0,379.82564298202215,376.62100686188876
615,19,0,4,356.0,412.11534958868884,398.6990760757419
616,19,0,4,351.0,432.1658145319095,417.9669231891617
617,19,0,4,356.0,345.9757577355607,344.68349065929914
618,134,0,3,400.0,424.28469031902785,418.7190797145447
619,134,0,3,236.0,284.9010279533299,293.189025481598
620,27,0,1,200.0,291.2093442492167,296.53454809930156
621,27,0,1,389.0,342.9977995043092,337.06021462662557
622,27,0,1,364.0,385.7257237662076,397.5045377091484
623,27,0,1,393.0,343.5990418181455,342.0358469101519
624,27,0,1,378.0,394.7540570099826,409.48939101038974
625,27,0,1,374.0,439.62038380689694,431.8859105361504
626,27,0,1,312.0,392.4370709777184,396.18228778585694
627,52,0,1,343.0,309.29228489642196,301.4360110163387
628,52,0,1,378.0,313.4528881852095,305.3151815961856
629,219,0,3,372.0,366.6291919952447,349.3304395241563
630,219,0,3,443.0,401.613689276711,388.54341314362136
631,220,0,4,463.0,466.5145295761926,468.32952769627127
632,220,0,4,440.0,468.97264468694857,464.2755710823095
633,220,0,4,579.0,570.6331778598054,576.0859944274291
634,220,0,4,581.0,571.7767343811114,581.0295500662562
635,221,0,0,140.0,143.68791236404886,136.07766215447032
636,221,0,0,130.0,140.57924012898116,137.44358971216835
637,177,0,3,200.0,167.35472251685505,171.09404058711223
638,177,0,3,160.0,169.63249377482376,172.08576711638707
639,222,0,2,204.0,214.99747498955733,203.30314917258704
640,222,0,2,220.0,198.25690278775733,201.85868630809887
641,223,0,4,240.0,224.62917472242432,228.31772127082593
642,223,0,4,235.0,221.6802163691347,221.18504040025667
643,177,0,3,118.0,107.91563898251933,117.76449716237529
644,177,0,3,132.0,108.27606801022557,118.91218697924658
645,177,0,3,210.0,185.71498700803508,187.35551402905918
646,177,0,3,200.0,195.99437509197853,196.74763882050283
647,177,0,3,223.0,195.6967939485191,197.21096634458792
648,177,0,3,220.0,195.6967939485191,197.21096634458792
649,177,0,3,170.0,167.99054937638277,171.38967211296057
650,177,0,3,190.0,168.1556785998594,171.83223939498015
651,177,0,3,169.0,152.2408586902905,148.75707316522036
652,177,0,3,160.0,156.2609756422723,150.0162864351649
653,224,0,2,189.0,163.884697019197,160.57032379686666
654,225,0,1,192.0,173.25145450260942,167.48671859963233
655,225,0,1,160.0,176.1160265786884,165.35767540903157
656,226,0,0,150.0,191.71925624306243,184.99671096871023
657,227,0,1,301.0,304.0356621791058,303.00470571906544
658,228,0,0,292.0,311.27795231347574,315.684444256054
659,229,0,0,660.0,771.0208693789631,717.8935856734206
660,229,0,0,660.0,768.4083997556057,720.156962511735
661,229,0,0,750.0,866.424217128301,814.5932625000843
662,229,0,0,750.0,888.1260430058231,843.9696457533556
663,229,0,0,635.0,876.6450506850347,830.2562959406034
664,229,0,0,600.0,876.6450506850347,830.2562959406034
665,229,0,0,400.0,518.3699025291553,525.7962402632478
666,229,0,0,660.0,555.4154480107755,543.9236290261807
667,229,0,0,540.0,566.6897749713718,548.7546953027123
668,229,0,0,710.0,571.2276752543695,544.0549760220947
669,229,0,0,600.0,481.0354928594313,463.8992685843548
670,229,0,0,600.0,500.095875780468,481.40278438703297
671,230,0,0,190.0,233.8798272025391,241.40772232454034
672,230,0,0,240.0,264.1478505587728,264.78201454762547
673,230,0,0,312.0,300.6939869289917,315.80103611564135
674,230,0,0,341.0,294.90242345891164,309.36244829297186
675,231,0,2,186.0,193.14078632972758,196.377990356048
676,232,0,3,450.4,391.3657661797725,402.68021212362584
677,232,0,3,427.0,384.91732704362573,394.8832586476267
678,232,0,3,302.4,270.30205456230084,278.4499514756529
679,232,0,3,307.0,312.543154270734,308.7082382700338
680,232,0,3,306.4,283.34372877671234,284.26927927329837
681,233,0,2,274.0,285.26109715532203,289.4499123873418
682,233,0,2,277.0,294.14571412658535,300.21697153296606
683,233,0,2,249.0,263.1965933744625,262.2014802131761
684,233,0,2,240.0,272.1504019437523,269.4264896908451
685,233,0,2,170.0,217.77964058288092,207.39497909278734
686,234,0,4,503.0,536.7339370479824,540.9249305763522
687,234,0,4,537.0,554.9363971392764,559.3499275626797
688,234,0,4,799.0,746.1553978537381,729.9340751540908
689,235,0,1,301.0,286.9859536451487,282.98695553384863
690,235,0,1,363.0,313.3112452301362,322.43028878322673
691,235,0,1,443.0,353.5687428260015,348.5278105427326
692,236,0,4,423.0,406.5847434492806,394.61401761512565
693,237,0,4,615.0,669.4262660102012,714.7943124287456
694,238,0,2,230.0,261.1547643497785,265.8407902966313
695,238,0,2,316.8,331.2717652781733,334.76766325882556
696,238,0,2,443.2,378.0079650668707,382.85727192617145
697,239,0,1,586.6,444.89487979645156,465.4724133311863
698,239,0,1,805.3,642.3700771534593,651.1875274411404
699,239,0,1,522.3,437.94422087196557,457.46048944977446
700,239,0,1,796.8,596.3203355527114,626.9131190539727
701,240,0,0,356.0,392.2540439282392,369.7059864684895
702,240,0,0,470.0,485.2430016127524,480.42345567809986
703,240,0,0,646.0,686.2264793772912,670.2866142901374
704,241,0,2,408.0,392.13258114582146,380.35356719813944
705,240,0,0,360.0,385.4000232508666,365.680264814733
706,240,0,0,357.0,362.8709217112511,347.5440010634341
707,240,0,0,293.0,298.7315315797019,295.8350979489673
708,240,0,0,412.0,431.747161543737,408.60895494056416
709,240,0,0,354.0,365.9546647927252,363.3776343068288
710,98,0,3,440.0,539.3299484813576,587.5817447484216
711,98,0,3,408.0,509.67913721092225,548.0256540281624
712,98,0,3,763.0,791.806577161912,808.7351276532686
713,242,0,0,140.0,178.04420275639274,181.80988909833619
714,242,0,0,115.0,164.29186279051746,167.76668316784358
715,243,0,4,989.0,860.8359929561923,901.6646047274827
716,243,0,4,1433.0,1162.675883584518,1240.4832237293585
717,243,0,4,860.0,821.1062983938984,847.52062982274
718,243,0,4,1094.0,1036.7796062906148,1110.956814554263
719,243,0,4,839.0,765.478547480889,775.1649594235893
720,243,0,4,1102.0,907.9413326598238,932.3868317402429
721,244,0,3,479.0,563.0198614851141,540.9079152207751
722,244,0,3,678.0,931.328773939784,820.2613922827178
723,244,0,3,675.0,684.1998969740781,672.3916766377903
724,244,0,3,798.0,801.2225349213809,796.2783025235822
725,244,0,3,811.0,872.6260265225237,822.2268572524656
726,244,0,3,802.0,1008.7850253955918,907.9071792362946
727,244,0,3,788.0,761.611351829929,709.5092255291024
728,244,0,3,801.0,626.5276352825173,607.0295370205077
729,245,0,4,219.0,297.52879469218186,296.31671937656824
730,246,0,2,228.0,209.0351613470855,217.76894485960912
731,246,0,2,481.0,514.8922363094443,506.0206127728528
732,247,0,0,682.0,801.5515198155972,827.0855853799244
733,98,0,3,974.0,1056.9676886567631,1055.9603176343803
734,248,0,2,1324.0,1164.0251283561959,1183.8548486415386
735,249,0,0,1625.0,1596.5949314848901,1642.120646302342
736,250,0,0,2491.0,2416.7097666331524,2563.0872010553094
737,251,0,2,473.0,498.4159017221438,494.93254656220057
738,251,0,2,600.0,571.3220374408942,566.7513903191592
739,251,0,2,723.0,559.0661702719668,559.1907668342483
740,251,0,2,801.0,632.003026185003,617.3471699949097
741,252,0,1,678.0,484.2449332258361,507.73624230517714
742,252,0,1,692.0,548.768403924123,542.8168688525827
743,252,0,1,691.0,551.6001499918756,546.8975172186075
744,252,0,1,855.0,619.4544195854901,613.9623648715483
745,253,0,0,974.0,1004.1718153888683,1060.7305839885082
746,254,0,3,289.2,314.6009947013434,316.5547730322422
747,254,0,3,412.9,444.18737896442826,435.2925585115716
748,254,0,3,429.0,456.5188036776051,454.13652036556516
749,254,0,3,460.9,468.49869084487705,476.4489317764276
750,255,0,1,393.9,281.76641342466644,264.7264358892193
751,255,0,1,361.3,277.77216823447793,261.2960667245505
752,255,0,1,385.2,282.99723725158356,266.34448215763666
753,256,0,4,985.0,962.1402113939456,960.6387836062869
754,257,0,2,961.0,1005.8083280396013,959.0483382144761
