series,adj,meas,ec2,CatBoost,CatBoost_ec2
0,False,0.7424407297351494,0.7970499999999999,0.8363913636795306,0.8039563625679726
0,False,0.7899811005818499,0.8564499999999999,0.9115674490872333,0.8324259626230259
0,False,0.923320408407428,0.91245,0.9634431331645947,0.8699761119383502
0,True,0.6104347219951678,0.68455,1.0412540781519142,0.7710556718928817
0,True,0.7727053111701024,0.82295,1.067876708240573,0.8834602220577338
0,True,0.48220605925044546,0.61635,0.8238078413258817,0.6418782418397468
0,True,0.5934065068760516,0.79865,0.8240878100275795,0.7842971191912217
0,False,0.8387495188568791,0.8907499999999999,0.9380191579562281,0.9187247969459321
0,False,1.0503895182069674,0.89615,0.9914133172630715,0.9294169397914606
0,False,0.7185960694974547,0.82515,0.7516012419454121,0.7928915338230108
0,False,0.8609532156613559,0.86195,0.7817001394530123,0.8308551524937312
0,True,0.6363603118770347,0.43455,1.0103522680940473,0.6060667874476037
0,True,0.9117606593061494,0.6459,1.0076934340443633,0.7201850814409417
0,True,0.41235618755234166,0.43455,1.0139644418411684,0.5885723172717481
0,True,0.5065818820556326,0.36635,0.8510233148039179,0.44678257119461967
0,True,0.7117599036983809,0.5972999999999999,0.8275742931114572,0.6320055553277487
0,True,0.3233859997120041,0.36635,0.8431640760393504,0.45939100263219024
0,True,0.42578287572460866,0.33335,0.8275742931114572,0.3975133140184061
0,True,0.5923039262210892,0.5729,0.8498916335290032,0.6383619687836547
0,True,0.24869982300058008,0.33335,0.8464967750141065,0.41862112472256024
0,True,0.4229370231210995,0.84865,0.7924286821292322,0.7393608747382946
0,True,0.3731797262833231,0.7499999999999999,0.7924286821292322,0.7054694042028501
0,False,0.45127384456217134,0.87455,0.7654230933085073,0.743129861378264
0,True,0.31903514691113904,0.6851,0.7185209118364764,0.6223955898317478
0,True,0.5557923558512464,0.84865,0.7826874597587571,0.7380097234546694
0,True,0.4982907866839074,0.7499999999999999,0.7796696646595064,0.7051017650439944
0,False,0.5746665721152957,0.87455,0.7701282740609232,0.7607481322223273
0,True,0.44282102822317193,0.6851,0.7181412910812196,0.6223955898317477
0,True,0.5730451978894355,0.68455,0.8590911700959266,0.783831648568685
0,True,0.7264035339728038,0.82295,0.8845669757034558,0.8980986815133277
0,True,0.4529254401005791,0.61635,0.6581905368455344,0.6517474445476951
0,True,0.5589940223647515,0.79865,0.658414220987426,0.796770082135974
0,False,0.7888997779228942,0.8907499999999999,0.9135986225678946,0.9345188221166196
0,False,0.9854918396524193,0.89615,0.9630977696141423,0.9453947762338067
0,False,0.6716903945094442,0.82515,0.7437051369959212,0.8059938631322324
0,False,0.8094541655801831,0.86195,0.7718561994963995,0.8445848208681023
0,True,0.7439285992016396,0.75,0.902981071971931,0.8664322444048005
0,True,0.6509375243014346,0.84725,0.902981071971931,0.9336135895172224
0,True,0.4533314901384991,0.6435500000000001,0.6942745996068431,0.6501005125752282
0,True,0.5695703337637552,0.80835,0.6942745996068431,0.8068179355171345
0,True,0.30803293560692885,0.5972500000000001,0.6942745996068431,0.6829888636031072
0,True,0.819483847558056,0.79165,0.6942745996068431,0.7897865592223676
0,False,0.8543555006456329,0.88365,0.9394167066960084,0.9353181361083835
0,False,0.6916211195702743,0.89555,0.9394167066960084,0.947276517683559
0,False,0.8311077319205816,0.8311499999999999,0.8576352226531458,0.8677271978510139
0,False,0.9647824020896262,0.86835,0.8576352226531458,0.9102986706443145
0,False,0.9240988068207866,0.7867500000000001,0.6899849939200714,0.7507363410972435
0,False,0.8252957897393188,0.84915,0.6899849939200714,0.8243061561555721
0,False,0.5753822759450181,0.75,0.6899849939200714,0.7463321127791809
0,False,0.6218778133951205,0.83515,0.6899849939200714,0.8153420541258107
0,False,0.5811942181262809,0.7199500000000001,0.6899849939200714,0.7192637215345775
0,False,0.9182868646395238,0.8245499999999999,0.6899849939200714,0.8035347237397202
0,False,1.1158928988024592,0.92705,1.0039029132696864,0.9873330475451547
0,False,1.0229018239022543,0.92115,1.0039029132696864,0.9817075820067082
0,False,0.8834152115519469,0.8564499999999999,0.7703360454887118,0.8336780963391472
0,False,1.1565764940712988,0.87695,0.7703360454887118,0.8528615887230023
0,False,0.819483847558056,0.7970499999999999,0.7703360454887118,0.7769060573820087
0,False,1.0752093035336194,0.84985,0.7703360454887118,0.832381475682262
1,True,0.8152965929922465,0.83585,0.7863704783018877,0.7516019855151919
1,True,0.7644210510870426,0.83585,0.802730719245902,0.7404264551870825
1,True,1.0209895898875327,0.83585,0.7476488261230619,0.7463282746431474
1,True,0.9162692588467698,0.6717000000000001,0.736806253946383,0.6974303145032769
1,True,1.06372189493032,0.6717000000000001,0.722667201767758,0.696753302353235
1,True,0.9570651685611675,0.6717000000000001,0.7326218999510163,0.6974303145032773
1,True,0.9559645052368251,0.6717000000000001,0.7613934124970229,0.6864279005608704
1,True,0.8264324778201083,0.5813999999999999,0.8334161276989995,0.7023642403808007
1,True,0.9625960597404968,0.75,0.7395104796477486,0.7045481053060167
1,False,1.0778598220327886,0.8674000000000001,0.784787390586519,0.7895111091428123
1,False,1.0068825969577324,0.91255,0.8333348837280232,0.8708301790136899
1,False,1.1571978174401856,0.9353,0.9392912335307902,0.9173898623642858
2,True,0.7446808510638299,0.70325,0.7184896352698991,0.631937464821075
2,True,0.6085106382978723,0.6444,0.6570062952380257,0.5816528261452157
2,True,0.4893617021276596,0.6104,0.6108750282316676,0.5330515122688422
2,False,0.6808510638297872,0.7753,0.7293923418479396,0.7011489181287172
2,False,0.7489361702127659,0.844,0.774229032127795,0.7672164070856886
2,False,0.8297872340425532,0.8826,0.8044553251799591,0.8144951367970493
2,True,0.7659574468085107,0.7863,0.714697233441059,0.7019927546600121
2,True,0.723404255319149,0.7533,0.6570062952380257,0.66786266750143
2,True,0.6382978723404256,0.7293499999999999,0.5829828447436325,0.6046177353859179
3,True,0.8162996754160906,0.75,0.5721985530977117,0.5681268187351359
3,True,0.8089164402980641,0.75,0.5807804577011052,0.5743698934368517
3,True,0.7257902978268643,0.75,0.566364236860987,0.5722381493751103
3,True,0.6911541292975606,0.75,0.5606357815361558,0.5575290314251687
3,True,0.7010162690449167,0.68525,0.585301009212345,0.5280003523066309
3,True,0.6979118484907385,0.68525,0.594067679924271,0.5338024822770512
3,True,0.6138494639625366,0.68525,0.580054815943797,0.5300408275577769
3,True,0.5797593245756094,0.68525,0.5748788437815096,0.5164163723211841
4,True,0.7377049180327869,0.75,0.8312493313472661,0.6892106875471582
4,True,0.5199063231850117,0.6849999999999999,0.8210591051435963,0.6259537904588012
4,True,0.49180327868852464,0.6443,0.7679903056249059,0.6211804376354275
4,True,0.7939110070257612,0.8484,0.8312493313472661,0.7008075117304463
4,True,0.7025761124121781,0.82395,0.8210591051435963,0.6712733233990162
4,True,0.6112412177985949,0.8091999999999999,0.7679903056249059,0.6426372613957283
5,False,0.9135654261704681,0.8956999999999999,0.7777696867551476,0.8622611908632081
5,False,0.6530612244897959,0.8361000000000001,0.7543790485177662,0.79913599168409
5,False,0.8703481392557023,0.7914,0.7777696867551476,0.781294423594487
5,False,0.9759903961584635,0.8093999999999999,0.7777696867551476,0.7978436152249615
5,False,0.8739495798319328,0.7914,0.7777696867551476,0.781294423594487
5,False,0.8595438175270108,0.7914,0.7777696867551476,0.781294423594487
6,False,0.9322263639444256,0.92395,0.832952069997733,0.772431774635842
6,False,0.8764825482887155,0.8479,0.832952069997733,0.6814629356752295
6,False,0.7673669942392409,0.77185,0.832952069997733,0.6742929237070582
7,True,0.5444215277132515,0.7874,0.8305482097439428,0.7992973369450477
7,True,0.4804449830605319,0.7874,0.8417275189092607,0.7353629527709802
7,True,0.5988521579146265,0.7874,0.8165587343575149,0.8021620109951635
7,True,0.8248490617515635,0.8877,0.8509667427988313,0.7564600427868234
7,True,0.6991439981118225,0.7754,0.8429922587115453,0.7545008596284477
7,True,0.9228935939064308,0.8332,0.7929076456801069,0.8152171843619467
7,True,0.8223470895059242,0.6664,0.8040992653960134,0.7507916523463892
8,True,0.7894595851976605,0.4357499999999999,0.5718848921478524,0.41306555707059245
8,True,0.7817052508001296,0.4357499999999999,0.6049917739124079,0.42187611250648793
8,False,0.8128250237382808,0.709,0.708445427509203,0.6257532921267611
8,False,0.8113496442856746,0.709,0.681602720817026,0.6299579746634593
8,False,0.7959973770545158,0.8192,0.8389075932559402,0.7333990514366989
8,False,0.7841183551436447,0.8192,0.8340904496986606,0.7326946332907706
9,True,0.9052153923560777,0.75,0.778554166973029,0.7241587551643404
9,True,0.8789203554387537,0.6454,0.7770775657241582,0.6539966550509348
9,True,0.9943989422847214,0.5997999999999999,0.6182834606809653,0.5834946413562467
9,True,0.8757040652347042,0.57545,0.555899542158001,0.552796698010664
9,True,0.9136339872409275,0.90475,0.8599456542097232,0.7933718843395946
9,True,0.788210673852423,0.8096,0.8437969180824847,0.7027150473932586
9,True,0.9113011078512945,0.81615,0.8026496997966499,0.6816355717475394
9,True,0.9053430466727681,0.6323,0.8810609357004697,0.5713679667501548
9,True,0.8500144521309293,0.94445,0.6465396683385283,0.7959607908864486
9,True,0.8731981275038609,0.889,0.6708280680120604,0.7080856950223696
9,True,0.7463094877119518,0.88895,0.6065505913401619,0.6812945293460133
9,True,0.7787577263081237,0.7779,0.6065505913401619,0.5995351189743479
10,True,1.1979411165870635,0.6443,0.7701457261298864,0.721898082142691
10,True,1.133320419048106,0.8091999999999999,0.7728553188405081,0.8043324797260429
10,True,0.5977317368221661,0.6443,0.767089913941505,0.7097237777713071
10,True,0.79889229354513,0.81745,0.8089457707715214,0.7429135217926094
10,True,0.8499390711115402,0.869,0.8370140728479993,0.7682882862578174
10,True,0.8625462859951043,0.81745,0.8021815790118764,0.7437022532067037
10,True,0.5770036390286505,0.81745,0.7693997625037885,0.7512747568819074
10,True,0.8772340871540439,0.81745,0.7853136207187126,0.7547982347517886
10,True,0.8074032708258417,0.81745,0.8400039619416564,0.7920271406472053
10,True,0.7142772524319759,0.869,0.8314007530402592,0.8017197748314763
10,True,0.7581703487142626,0.81745,0.8346563281145812,0.7523804279400083
10,True,0.8935935754778069,0.81745,0.806926994549272,0.7407833644695606
10,True,0.8852789523209725,0.81745,0.8248179651304437,0.7469692215796195
11,True,0.845661752680846,0.8921,0.7977942631290605,0.7479568595642095
11,True,0.9974472926433283,0.8921,0.8081310618487111,0.755498755760333
12,True,0.8814100207297846,0.8162499999999999,0.699231380468757,0.6853443459345055
12,True,0.7975288237971587,0.75,0.5749234144281231,0.6882636373275878
12,True,0.6977626126403651,0.6837500000000001,0.5978268599416376,0.6345409958029138
12,True,0.8880827511554261,0.845,0.5372318238600015,0.6938462396241295
12,False,0.868442302204638,0.8534999999999999,0.5618150955856832,0.7091886624926607
13,True,0.8387094830398316,0.75,0.7944347090905091,0.6141919869139234
14,False,0.8223172746274542,0.8413,0.6052177430691213,0.7883892255990531
14,False,0.855987222111691,0.8721,0.6052177430691213,0.8188760419993895
14,False,0.748946941303595,0.692,0.7020577253734546,0.6737918003778444
14,False,0.9554894549755547,0.9443,0.8773704372093589,0.9226657107473049
14,False,0.9534793088570929,0.9489,0.8773704372093589,0.9271603229144527
14,False,0.9296925797886271,0.8885,0.9330527111516553,0.8431862684169763
14,False,0.6749897230223291,0.6826,0.6341768996969176,0.7280384671449623
14,False,0.7224039225889063,0.7442000000000001,0.6341768996969176,0.7561989796563389
14,False,0.5726516214733502,0.384,0.6520692204026507,0.47018733287661096
14,False,0.9955509418311445,0.8886000000000001,0.9178829427475417,0.8699447705446016
14,False,0.9768503103250722,0.8978,0.9178829427475417,0.8857099755243906
14,False,0.9401852926478121,0.777,0.8995961970686489,0.7795205765712372
15,True,0.5313287947886212,0.75,-0.1352737910685761,0.6528437398822241
15,False,0.6073763648780115,0.8986000000000001,-0.024782448133164214,0.7562485534187099
15,False,0.437099035659003,0.9441,-0.02481774471590244,0.865983896229492
15,False,0.8436675591091906,1.0,0.3720489337032735,0.9307018504788427
15,True,0.661582347095527,0.75,-0.13568433619894674,0.6528437398822243
15,False,0.7489365314772344,0.8986000000000001,-0.02459582623134119,0.7562485534187098
15,False,0.6613614107956287,0.9441,-0.023266391355995997,0.8694870430492804
15,False,1.0168936153857733,1.0,0.3752608425363839,0.9307018504788427
16,True,0.8446170921198669,0.8607999999999999,0.7791380232565915,0.7740881472446035
16,True,0.8668146503884573,0.8607999999999999,0.7791380232565915,0.7740881472446035
16,True,0.9223085460599334,0.8607999999999999,0.7791380232565915,0.7740881472446035
16,True,0.7447280799112098,0.8607999999999999,0.7791380232565915,0.7740881472446035
16,True,0.755826859045505,0.8607999999999999,0.7791380232565915,0.7740881472446035
17,True,0.7777777777777778,0.7293999999999999,0.7646507395339852,0.6396437711733218
17,True,0.6196581196581197,0.5,0.6990368953939071,0.5208261608034785
17,False,0.8461538461538461,0.875,0.8201682304334288,0.7263849989777454
17,False,0.7692307692307692,0.7358999999999999,0.7545543862933508,0.65283522462701
17,False,0.9102564102564102,0.9191,0.8296303846846698,0.8013156543216955
17,False,0.8418803418803418,0.8267,0.7640165405445916,0.7045227762009141
17,False,0.9316239316239314,0.9403,0.8950015908830735,0.8335363107812386
17,False,0.9059829059829059,0.8718999999999999,0.8310399386037852,0.7604099797301914
17,False,0.94017094017094,0.9526,0.9166775063091137,0.886111797356511
17,False,0.9188034188034186,0.8984,0.8527158540298255,0.8291732903768534
17,False,0.9529914529914528,0.9607,0.9166775063091137,0.9002803458385221
17,False,0.9358974358974358,0.9159,0.8527158540298255,0.8563614224993362
