row,subset,V_exp,V_pred,model
70,train,71.6,70.10670807782651,CatBoost
599,train,57.0,63.07218692004608,CatBoost
204,train,53.0,94.33925602430679,CatBoost
264,train,243.0,243.5266076455557,CatBoost
473,train,271.0,266.47949392703515,CatBoost
135,train,90.76,87.84285731674163,CatBoost
620,train,463.0,457.4579005879076,CatBoost
28,train,125.86,114.5704089958183,CatBoost
346,train,445.0,443.29141818950177,CatBoost
503,train,512.0,487.21958288763847,CatBoost
650,train,750.0,749.1986362144035,CatBoost
136,train,88.94,92.42004218176635,CatBoost
548,train,108.0,121.36679476887446,CatBoost
6,train,259.2,252.3441266701646,CatBoost
333,train,49.0,53.24899245303533,CatBoost
73,train,517.3,478.3150051907187,CatBoost
575,train,33.0,31.732821279660982,CatBoost
701,train,763.0,747.5031014177819,CatBoost
145,train,55.5,56.76533936411994,CatBoost
239,train,447.0,433.68888923009246,CatBoost
338,train,2250.0,2247.289683079698,CatBoost
132,train,90.76,84.94063108391123,CatBoost
638,train,170.0,174.30721795105907,CatBoost
585,train,73.0,72.53910441098043,CatBoost
695,train,357.0,352.80669982974723,CatBoost
41,train,119.3,113.82915432923323,CatBoost
108,train,534.0,517.1108186911338,CatBoost
291,train,245.0,243.90240456919165,CatBoost
56,train,158.61,129.13658574349586,CatBoost
625,train,130.0,131.13933382741664,CatBoost
220,train,141.0,159.2372945903005,CatBoost
349,train,491.0,494.1516729351159,CatBoost
550,train,334.0,335.6149810669017,CatBoost
281,train,34.0,33.65394113889164,CatBoost
24,train,170.0,154.66718795953813,CatBoost
198,train,223.0,226.81321206112696,CatBoost
212,train,99.0,111.88058026441212,CatBoost
527,train,334.0,331.834661494518,CatBoost
326,train,36.0,27.255167401061044,CatBoost
302,train,365.0,371.4456149756292,CatBoost
110,train,480.0,488.66757590322146,CatBoost
82,train,411.0,408.4002340368039,CatBoost
51,train,339.0,314.53574054333825,CatBoost
721,train,682.0,694.1778564482674,CatBoost
596,train,889.0,902.2302266709344,CatBoost
517,train,356.0,364.6463665920717,CatBoost
357,train,188.0,199.08250584477304,CatBoost
324,train,113.0,110.39583922705265,CatBoost
486,train,320.0,308.35769191971104,CatBoost
139,train,57.73,70.82310120601676,CatBoost
453,train,198.0,182.31958630282614,CatBoost
227,train,98.0,98.74867087535853,CatBoost
18,train,143.0,154.55126947872662,CatBoost
541,train,87.0,81.28972826095554,CatBoost
140,train,49.09,44.68526811351819,CatBoost
425,train,356.0,340.4991748527266,CatBoost
572,train,343.0,323.72801688508997,CatBoost
83,train,247.0,250.3360933232634,CatBoost
61,train,73.58,87.83770012781127,CatBoost
235,train,322.0,305.5996685595123,CatBoost
615,train,312.0,324.116302551837,CatBoost
29,train,76.98,81.01514119300919,CatBoost
447,train,696.0,692.5519237388901,CatBoost
451,train,67.0,71.40378165501221,CatBoost
286,train,668.0,666.4900092116308,CatBoost
559,train,2224.0,2229.805023932937,CatBoost
182,train,761.0,744.8620473821204,CatBoost
738,train,460.9,465.6257058243491,CatBoost
260,train,187.0,181.50514992042588,CatBoost
428,train,686.0,687.403344373469,CatBoost
363,train,243.0,243.5266076455557,CatBoost
470,train,79.0,80.89844603224702,CatBoost
731,train,692.0,690.0981392474632,CatBoost
306,train,284.0,289.2161167159726,CatBoost
209,train,166.0,141.4591673019051,CatBoost
381,train,285.0,276.08886310315484,CatBoost
422,train,241.0,254.21623317806592,CatBoost
176,train,47.0,43.20079208314252,CatBoost
497,train,361.0,348.82164859128636,CatBoost
724,train,1625.0,1631.2022594729665,CatBoost
433,train,2681.0,2671.0674002903356,CatBoost
543,train,317.0,332.5500532525398,CatBoost
265,train,394.0,406.13906153637413,CatBoost
137,train,495.0,505.7876489469412,CatBoost
624,train,140.0,137.744326417489,CatBoost
696,train,293.0,303.1732680262685,CatBoost
658,train,600.0,597.0493007339559,CatBoost
163,train,193.0,197.50418313701303,CatBoost
332,train,377.0,377.0572118918267,CatBoost
653,train,600.0,638.2603722409171,CatBoost
642,train,189.0,175.40659734482333,CatBoost
311,train,243.0,228.56128355245278,CatBoost
707,train,1094.0,1112.044567940854,CatBoost
371,train,123.0,134.07919627198848,CatBoost
344,train,240.0,221.20504324579133,CatBoost
495,train,215.0,213.24322840653522,CatBoost
104,train,422.0,399.3554954061697,CatBoost
114,train,207.0,225.28565319437934,CatBoost
668,train,307.0,313.825275179209,CatBoost
702,train,140.0,150.835847401451,CatBoost
667,train,302.4,306.9937651054818,CatBoost
483,train,397.0,399.56318486093227,CatBoost
92,train,777.0,771.3418446966214,CatBoost
7,train,232.3,250.3360933232634,CatBoost
89,train,950.0,963.070157163842,CatBoost
687,train,805.3,800.1317279605722,CatBoost
369,train,220.0,230.98964278134986,CatBoost
571,train,98.0,103.56189529857966,CatBoost
689,train,796.8,793.7467516140043,CatBoost
640,train,169.0,159.64219114655143,CatBoost
423,train,1659.0,1654.1003473931564,CatBoost
11,train,187.6,200.05945434977235,CatBoost
43,train,120.4,123.27661784699555,CatBoost
42,train,109.2,99.8846819936415,CatBoost
167,train,95.0,82.9344027844648,CatBoost
651,train,750.0,721.093478287942,CatBoost
351,train,395.0,378.8544231525562,CatBoost
178,train,41.0,33.18534197195146,CatBoost
468,train,498.0,495.78149582140645,CatBoost
485,train,202.0,202.40663221867342,CatBoost
177,train,36.0,33.87563240188183,CatBoost
511,train,211.0,217.24401009359806,CatBoost
518,train,302.0,300.6089542912322,CatBoost
257,train,244.0,241.73265241161312,CatBoost
478,train,180.0,182.11022631032102,CatBoost
15,train,184.0,197.3661166383703,CatBoost
465,train,88.0,89.8424061399383,CatBoost
256,train,1450.0,1447.9482164871279,CatBoost
445,train,531.0,483.4281405168903,CatBoost
334,train,202.0,217.7713735967365,CatBoost
449,train,789.0,789.1946454822487,CatBoost
580,train,825.0,818.9901411608444,CatBoost
356,train,60.0,52.94067825118236,CatBoost
290,train,2400.0,2400.4937253261483,CatBoost
394,train,275.0,256.2124734173894,CatBoost
9,train,178.6,188.22165772159642,CatBoost
249,train,177.0,182.31958630282614,CatBoost
22,train,195.0,193.74794506857208,CatBoost
221,train,185.0,159.2372945903005,CatBoost
643,train,192.0,176.71795413222523,CatBoost
479,train,230.0,235.73485932373245,CatBoost
728,train,723.0,714.2795796308988,CatBoost
390,train,220.0,225.91398882640524,CatBoost
621,train,440.0,450.4124589875984,CatBoost
203,train,98.0,94.93245721237184,CatBoost
623,train,581.0,575.536513675797,CatBoost
93,train,801.0,805.411947199258,CatBoost
342,train,176.0,182.76243015936828,CatBoost
340,train,267.0,269.8506472774808,CatBoost
436,train,170.0,155.66889320311643,CatBoost
284,train,464.0,453.8112727409895,CatBoost
184,train,831.0,744.8620473821204,CatBoost
692,train,646.0,669.4150711443788,CatBoost
499,train,258.0,258.94504238799436,CatBoost
153,train,760.0,719.3222093489737,CatBoost
75,train,475.0,474.18131878913687,CatBoost
388,train,183.0,183.24680008339527,CatBoost
277,train,45.0,53.60913367643718,CatBoost
68,train,81.3,70.10670807782651,CatBoost
440,train,418.0,414.62652697536635,CatBoost
188,train,182.0,176.19602813969655,CatBoost
271,train,311.0,307.1688357640979,CatBoost
236,train,2153.0,2151.5209576078832,CatBoost
88,train,1051.0,1046.2284215291425,CatBoost
630,train,240.0,247.23092619916926,CatBoost
117,train,467.0,451.78210791942183,CatBoost
125,train,455.0,467.0003516893602,CatBoost
610,train,389.0,379.43508008417797,CatBoost
289,train,227.0,202.5070667314879,CatBoost
238,train,330.0,319.06169652457436,CatBoost
0,train,201.73,193.38971424881132,CatBoost
735,train,289.2,312.110125260439,CatBoost
328,train,248.0,241.87781907700034,CatBoost
648,train,660.0,654.9408649652198,CatBoost
399,train,66.0,67.37083030847572,CatBoost
278,train,97.0,111.01215734084764,CatBoost
579,train,236.0,237.0733645077554,CatBoost
116,train,443.0,461.1436143122801,CatBoost
228,train,199.0,204.45060727749362,CatBoost
608,train,236.0,231.0653475192589,CatBoost
576,train,360.0,372.6575416702795,CatBoost
274,train,338.0,332.7874179073982,CatBoost
318,train,540.0,516.1721699812347,CatBoost
568,train,446.0,431.3045163295175,CatBoost
144,train,56.92,53.82140901387601,CatBoost
443,train,365.0,370.5198677669415,CatBoost
742,train,985.0,993.2453098372101,CatBoost
672,train,249.0,242.65741596821255,CatBoost
542,train,113.0,102.45316556889861,CatBoost
268,train,307.0,272.1742934336322,CatBoost
525,train,371.0,360.89530909287805,CatBoost
307,train,265.0,259.41283627858155,CatBoost
310,train,136.0,131.39892167120803,CatBoost
46,train,91.6,104.69003565458081,CatBoost
261,train,628.0,616.414584647288,CatBoost
195,train,212.0,208.0171687731234,CatBoost
743,train,961.0,950.5424674998119,CatBoost
622,train,579.0,568.0494069388933,CatBoost
107,train,528.0,526.2380412941452,CatBoost
59,train,123.0,95.92004579583778,CatBoost
598,train,294.0,268.35328270287187,CatBoost
377,train,78.0,76.13667307326284,CatBoost
100,train,270.0,278.56664307916867,CatBoost
409,train,239.0,243.5266076455557,CatBoost
665,train,450.4,435.65727317521885,CatBoost
605,train,351.0,359.916244581083,CatBoost
674,train,170.0,169.81335493933653,CatBoost
179,train,37.0,38.492905236307024,CatBoost
304,train,262.0,240.64797913009343,CatBoost
368,train,330.0,323.36138276306406,CatBoost
408,train,255.0,261.07583468458216,CatBoost
715,train,802.0,813.3879232852755,CatBoost
149,train,38.89,50.073365041468776,CatBoost
124,train,420.0,431.7953963957344,CatBoost
588,train,181.0,192.10301093771915,CatBoost
645,train,150.0,171.9886883023645,CatBoost
185,train,671.0,744.8620473821204,CatBoost
493,train,580.0,580.8196172100706,CatBoost
456,train,104.0,107.27255098187123,CatBoost
722,train,974.0,1002.0355705665207,CatBoost
733,train,855.0,829.0167326879787,CatBoost
537,train,49.0,46.93583797705645,CatBoost
321,train,145.0,141.4886320494763,CatBoost
353,train,198.0,202.40663221867342,CatBoost
685,train,443.2,425.80401955291825,CatBoost
142,train,44.71,45.59223633473249,CatBoost
464,train,249.0,274.0262489538495,CatBoost
141,train,51.1,44.68526811351819,CatBoost
683,train,230.0,254.83236493426676,CatBoost
320,train,258.0,259.09351047037717,CatBoost
19,train,115.0,133.9740637488202,CatBoost
172,train,56.0,64.75836994775915,CatBoost
604,train,356.0,360.93047702635135,CatBoost
312,train,356.0,380.71647275394713,CatBoost
691,train,470.0,479.0312363292936,CatBoost
12,train,213.9,192.82564457155163,CatBoost
305,train,505.0,494.7396863082825,CatBoost
354,train,405.0,388.2989770720238,CatBoost
25,train,150.0,137.61332816767376,CatBoost
554,train,489.0,467.267848771239,CatBoost
169,train,172.0,169.8739730912352,CatBoost
38,train,150.0,144.79486543195512,CatBoost
467,train,200.0,202.40663221867342,CatBoost
245,train,334.0,343.39052140984455,CatBoost
298,train,362.0,366.98475622950065,CatBoost
618,train,372.0,372.60314692188456,CatBoost
500,train,201.0,202.40663221867342,CatBoost
272,train,83.0,91.11149782161397,CatBoost
567,train,1300.0,1288.4528286963766,CatBoost
154,train,480.0,515.2053075892256,CatBoost
126,train,511.0,480.6943984277206,CatBoost
529,train,286.0,280.16242108760014,CatBoost
341,train,600.0,598.391875501594,CatBoost
287,train,436.0,439.1762634517353,CatBoost
113,train,373.0,371.77187889386533,CatBoost
682,train,615.0,625.1815995387925,CatBoost
173,train,29.0,33.911469060830996,CatBoost
359,train,349.0,357.2357385146697,CatBoost
528,train,960.0,959.184955484789,CatBoost
57,train,71.45,104.55823456432745,CatBoost
535,train,1356.0,1351.297703575724,CatBoost
222,train,129.0,139.6127829594506,CatBoost
280,train,431.0,438.31948933470363,CatBoost
17,train,175.0,158.97580299301794,CatBoost
469,train,105.0,108.44247343572545,CatBoost
322,train,139.0,139.71621201752808,CatBoost
255,train,603.0,601.8459627890663,CatBoost
481,train,292.0,336.98960051280176,CatBoost
595,train,389.0,373.15366872459333,CatBoost
713,train,798.0,786.1309697156526,CatBoost
190,train,198.0,192.5388700430442,CatBoost
506,train,503.0,511.6611740703679,CatBoost
657,train,710.0,685.2384083751505,CatBoost
431,train,294.0,284.17955694211935,CatBoost
94,train,751.0,754.1476979050856,CatBoost
180,train,56.0,43.49538916703386,CatBoost
301,train,799.0,758.8419180633397,CatBoost
655,train,660.0,655.7587260928814,CatBoost
547,train,1165.0,1166.1649468096148,CatBoost
519,train,489.0,484.7143195885095,CatBoost
516,train,88.0,95.0921463896729,CatBoost
656,train,540.0,559.8004750027485,CatBoost
494,train,240.0,215.32208553655593,CatBoost
5,train,216.4,223.91138127990953,CatBoost
729,train,801.0,785.0831236785766,CatBoost
45,train,100.9,113.81488113325003,CatBoost
736,train,412.9,410.09337049562896,CatBoost
677,train,799.0,798.4500371696436,CatBoost
171,train,139.0,141.2099380409274,CatBoost
16,train,235.0,231.02489252162187,CatBoost
48,train,315.0,314.53574054333825,CatBoost
719,train,228.0,215.0610748727322,CatBoost
680,train,443.0,418.5557884742624,CatBoost
3,train,159.56,165.73918682432551,CatBoost
534,train,235.0,247.69368758404502,CatBoost
671,train,277.0,291.28311918566067,CatBoost
316,train,1024.0,1006.5228676624375,CatBoost
684,train,316.8,307.0455750304175,CatBoost
283,train,1381.0,1405.604963122057,CatBoost
96,train,362.0,336.50258954285147,CatBoost
285,train,547.0,557.333713631546,CatBoost
477,train,1099.0,1097.6643330473544,CatBoost
225,train,411.0,416.69391884585775,CatBoost
26,train,193.0,193.8399537351827,CatBoost
584,train,374.0,379.55800351250514,CatBoost
263,train,368.0,370.05208694154766,CatBoost
437,train,356.0,362.9984230625993,CatBoost
50,train,210.0,246.16478879763662,CatBoost
364,train,196.0,204.99428574309962,CatBoost
229,train,330.0,339.91895035806215,CatBoost
37,train,154.9,156.4768018432087,CatBoost
157,train,360.0,345.2656772747852,CatBoost
237,train,306.0,308.2892631795793,CatBoost
714,train,811.0,804.2774265879416,CatBoost
374,train,44.0,45.84943001043638,CatBoost
370,train,390.0,376.6105034276788,CatBoost
442,train,56.0,62.119377185159976,CatBoost
716,train,788.0,797.3977928375833,CatBoost
175,train,24.0,35.249423139957116,CatBoost
631,train,235.0,238.1294331721902,CatBoost
127,train,488.0,474.47621758916995,CatBoost
549,train,1107.0,1106.3384627846176,CatBoost
194,train,218.0,218.95174442286583,CatBoost
633,train,132.0,129.76139251325193,CatBoost
641,train,160.0,162.12759787742897,CatBoost
490,train,57.0,66.66368642801967,CatBoost
512,train,214.0,214.03585761126197,CatBoost
522,train,49.0,46.98147379553876,CatBoost
718,train,219.0,234.03506010884345,CatBoost
619,train,443.0,431.0612649793276,CatBoost
639,train,190.0,186.51598477601866,CatBoost
67,train,72.5,70.10670807782651,CatBoost
708,train,839.0,832.0123039108378,CatBoost
168,train,135.0,151.4626834408227,CatBoost
444,train,579.0,577.8561069046913,CatBoost
514,train,85.0,96.30782619038342,CatBoost
162,train,360.0,358.97395105928337,CatBoost
309,train,248.0,259.90206115725374,CatBoost
193,train,197.0,198.9156078712089,CatBoost
531,train,24.0,26.997356451137534,CatBoost
365,train,405.0,421.9327248043051,CatBoost
383,train,172.0,181.50514992042588,CatBoost
670,train,274.0,272.67975405428365,CatBoost
538,train,240.0,261.4433145355053,CatBoost
152,train,63.85,66.03821026365551,CatBoost
515,train,181.0,182.82969122580496,CatBoost
530,train,201.0,201.08158654221958,CatBoost
111,train,423.0,414.1559849090702,CatBoost
226,train,216.0,206.40450642285535,CatBoost
521,train,1662.0,1651.0273207647992,CatBoost
594,train,258.0,263.4034745235351,CatBoost
103,train,365.0,394.48792100296845,CatBoost
421,train,301.0,302.1891934012817,CatBoost
419,train,198.0,195.36482411264004,CatBoost
581,train,356.0,368.7161757042749,CatBoost
570,train,117.0,108.57746847557928,CatBoost
74,train,452.9,478.3150051907187,CatBoost
115,train,568.0,560.5022459475854,CatBoost
407,train,199.0,202.40663221867342,CatBoost
717,train,801.0,787.0971766843993,CatBoost
119,train,340.0,356.4851036289366,CatBoost
53,train,261.0,246.16478879763662,CatBoost
151,train,66.34,62.879418208293146,CatBoost
403,train,1200.0,1199.3267405857896,CatBoost
706,train,860.0,862.9482765824428,CatBoost
207,train,119.0,142.89244138431803,CatBoost
626,train,200.0,186.69504007651403,CatBoost
613,train,378.0,376.43948138409394,CatBoost
8,train,187.6,191.30539624355382,CatBoost
602,train,550.0,543.8262974842712,CatBoost
36,train,176.7,172.52475006391867,CatBoost
452,train,339.0,321.23730411188626,CatBoost
253,train,104.0,98.58209130321222,CatBoost
303,train,264.0,262.1386164297137,CatBoost
703,train,115.0,111.26508124076253,CatBoost
536,train,36.0,33.4174835918796,CatBoost
544,train,257.0,281.7736977815712,CatBoost
262,train,165.0,160.03958630037818,CatBoost
297,train,38.0,38.68599069020809,CatBoost
414,train,322.0,308.2736676918882,CatBoost
150,train,67.61,62.879418208293146,CatBoost
590,train,52.0,47.769942039824,CatBoost
660,train,190.0,200.21678387615927,CatBoost
488,train,343.0,339.63739177566805,CatBoost
147,train,45.84,48.900813366801856,CatBoost
146,train,70.15,81.81339303096405,CatBoost
545,train,400.0,374.7202938555799,CatBoost
688,train,522.3,537.8663230024449,CatBoost
558,train,314.0,314.70627208881757,CatBoost
348,train,109.0,106.37840125764944,CatBoost
463,train,88.0,99.06650431745106,CatBoost
325,train,485.0,494.1910362752416,CatBoost
186,train,681.0,744.8620473821204,CatBoost
123,train,383.0,397.78166718436114,CatBoost
632,train,118.0,119.398961906171,CatBoost
143,train,57.04,53.82140901387601,CatBoost
709,train,1102.0,1080.405864181665,CatBoost
197,train,215.0,206.80982837593552,CatBoost
279,train,331.0,305.53470062435525,CatBoost
293,train,480.0,471.74354727391886,CatBoost
400,train,313.0,298.81683611720354,CatBoost
122,train,428.0,419.75720099413286,CatBoost
183,train,781.0,744.8620473821204,CatBoost
202,train,78.0,94.93245721237184,CatBoost
438,train,825.0,830.3256562106903,CatBoost
246,train,260.0,259.2765191672397,CatBoost
415,train,537.0,539.086165810779,CatBoost
659,train,600.0,590.8157462483832,CatBoost
129,train,529.0,534.967889841465,CatBoost
402,train,400.0,431.87782346405197,CatBoost
586,train,1250.0,1276.0413597486486,CatBoost
578,train,82.0,87.6016431573342,CatBoost
219,train,199.0,168.614520065185,CatBoost
675,train,503.0,515.1374132982046,CatBoost
673,train,240.0,248.08523950367223,CatBoost
678,train,301.0,305.9217932050667,CatBoost
597,train,185.0,175.96589139405134,CatBoost
386,train,400.0,396.13798197766687,CatBoost
720,train,481.0,486.8812558592481,CatBoost
509,train,287.0,291.9747470260549,CatBoost
267,train,498.0,481.4338575320095,CatBoost
611,train,364.0,368.4309577624122,CatBoost
441,train,204.0,184.48648485506635,CatBoost
496,train,174.0,188.88937165277824,CatBoost
112,train,394.0,376.02414881154044,CatBoost
232,train,152.0,162.88228617344652,CatBoost
697,train,412.0,393.34758545483794,CatBoost
373,train,319.0,335.7906709012576,CatBoost
233,train,283.0,283.6015210472451,CatBoost
587,train,190.0,210.53738256106556,CatBoost
317,train,170.0,191.60039502094884,CatBoost
410,train,297.0,296.19444506970746,CatBoost
664,train,186.0,187.46864935896573,CatBoost
358,train,35.0,29.25893734510447,CatBoost
258,train,166.0,161.7251246200509,CatBoost
282,train,194.0,190.38996496251636,CatBoost
376,train,421.0,401.9750407099767,CatBoost
384,train,165.0,182.1765364162407,CatBoost
224,train,2450.0,2444.81403631591,CatBoost
705,train,1433.0,1418.5395620812274,CatBoost
607,train,400.0,401.57133791677575,CatBoost
472,train,160.0,169.6557487261306,CatBoost
347,train,216.0,230.98964278134986,CatBoost
505,train,534.0,523.0366797823083,CatBoost
732,train,691.0,676.6717121781908,CatBoost
704,train,989.0,993.1526562060285,CatBoost
669,train,306.4,295.09035904664677,CatBoost
634,train,210.0,198.8431128128287,CatBoost
627,train,160.0,170.9621366063957,CatBoost
556,train,547.0,533.3140726728003,CatBoost
577,train,394.0,375.88401086998635,CatBoost
85,train,250.0,234.26993062283177,CatBoost
242,train,600.0,608.9300509395413,CatBoost
159,train,460.0,440.23678690187876,CatBoost
524,train,530.0,523.4819302072168,CatBoost
35,train,182.9,167.68785691905,CatBoost
540,train,285.0,279.9123040362371,CatBoost
170,train,115.0,128.25314961667928,CatBoost
636,train,223.0,216.21983827408414,CatBoost
628,train,204.0,211.81174749848842,CatBoost
698,train,354.0,361.29819392318393,CatBoost
95,train,739.0,749.7501401692032,CatBoost
563,train,124.0,128.28366812526477,CatBoost
240,train,315.0,308.42006441051274,CatBoost
574,train,100.0,94.02650149948374,CatBoost
460,train,71.0,72.76259403807461,CatBoost
553,train,324.0,324.0849084191548,CatBoost
652,train,635.0,638.2603722409171,CatBoost
206,train,147.0,142.89244138431803,CatBoost
392,train,1046.0,1054.8718825963701,CatBoost
397,train,245.0,233.92679945997418,CatBoost
629,train,220.0,206.9027193191099,CatBoost
217,train,176.0,174.543804662811,CatBoost
4,train,249.9,249.5625986696665,CatBoost
727,train,600.0,603.2310483607909,CatBoost
612,train,393.0,381.2709723887489,CatBoost
546,train,244.0,259.60809635467047,CatBoost
98,train,274.0,293.3741146846346,CatBoost
573,train,123.0,125.21086791299692,CatBoost
406,train,197.0,184.75916830204,CatBoost
502,train,254.0,276.97811195386635,CatBoost
47,train,427.0,430.95516304186185,CatBoost
32,train,172.15,166.7222114308493,CatBoost
200,train,128.0,120.1927804957248,CatBoost
134,train,68.98,73.55330511933249,CatBoost
27,train,99.03,113.16629872817947,CatBoost
654,train,400.0,419.13337552412565,CatBoost
230,train,440.0,436.0989290317181,CatBoost
489,train,1450.0,1447.9482164871279,CatBoost
378,train,626.0,624.9121868955766,CatBoost
288,train,365.0,366.2871986635944,CatBoost
418,train,444.0,454.25950637485124,CatBoost
391,train,540.0,543.5940487182254,CatBoost
592,train,904.0,875.4031621692786,CatBoost
498,train,105.0,98.92079084438791,CatBoost
138,train,373.8,376.1362752573746,CatBoost
62,train,102.63,94.31737855978326,CatBoost
471,train,137.0,143.5024250550812,CatBoost
647,train,292.0,302.927472094742,CatBoost
128,train,649.0,648.0400059122708,CatBoost
723,train,1324.0,1314.5581242702578,CatBoost
520,train,332.0,345.02337474050114,CatBoost
64,train,83.3,122.67875483053609,CatBoost
14,train,208.4,200.10271029211964,CatBoost
156,train,300.0,323.44409404073605,CatBoost
40,train,137.0,127.69591699507194,CatBoost
492,train,57.0,49.45086541938127,CatBoost
379,train,392.0,374.98956102916424,CatBoost
187,train,234.0,241.32700379194026,CatBoost
216,train,192.0,174.543804662811,CatBoost
52,train,300.0,308.16922437471203,CatBoost
337,train,55.0,59.353044647641184,CatBoost
295,train,301.0,313.66417275020694,CatBoost
251,train,648.0,635.9280159738532,CatBoost
461,train,331.0,359.2691692688833,CatBoost
455,train,357.0,349.3100225392835,CatBoost
741,train,385.2,364.1353575468275,CatBoost
269,train,311.0,306.9955202413909,CatBoost
201,train,112.0,120.1927804957248,CatBoost
161,train,480.0,487.06055934012164,CatBoost
555,train,363.0,376.6551013895028,CatBoost
401,train,1550.0,1537.404090002108,CatBoost
476,train,378.0,398.23189287194873,CatBoost
105,train,427.0,425.353325878125,CatBoost
565,train,129.0,150.14243079436332,CatBoost
389,train,216.0,209.0375792885,CatBoost
1,train,128.13,131.42615536236582,CatBoost
693,train,408.0,407.364796947622,CatBoost
561,train,288.0,277.51462892101944,CatBoost
80,train,375.0,392.1614630916675,CatBoost
205,train,141.0,94.33925602430679,CatBoost
34,train,138.83,139.20523691871045,CatBoost
508,train,318.0,316.5364123949235,CatBoost
427,train,534.0,529.7655651832413,CatBoost
454,train,443.0,439.8864076119221,CatBoost
366,train,543.0,527.8956308355192,CatBoost
91,train,751.0,735.8270466696708,CatBoost
339,train,196.0,197.97630146765408,CatBoost
564,train,1021.0,1002.5758320917395,CatBoost
345,train,182.0,200.77236343159393,CatBoost
241,train,83.0,79.72427861805517,CatBoost
13,train,194.8,200.02275631335425,CatBoost
315,train,258.0,284.46252963974376,CatBoost
600,train,319.0,284.46252963974376,CatBoost
387,train,221.0,226.14895360706885,CatBoost
273,train,371.0,368.06017571433097,CatBoost
166,train,77.0,82.9344027844648,CatBoost
737,train,429.0,426.7854518979417,CatBoost
646,train,301.0,290.8334819226542,CatBoost
484,train,149.0,153.0017076577795,CatBoost
726,train,473.0,494.052260347263,CatBoost
504,train,88.0,102.38514554162242,CatBoost
243,train,281.0,291.1898790956993,CatBoost
566,train,265.0,258.50879844451345,CatBoost
562,train,560.0,561.9690578584674,CatBoost
686,train,586.6,545.8165911988484,CatBoost
189,train,145.0,158.45432516296916,CatBoost
699,train,440.0,441.54136563780617,CatBoost
475,train,430.0,419.8699509279818,CatBoost
681,train,423.0,417.3542646080483,CatBoost
510,train,31.0,43.07680675699356,CatBoost
58,train,87.66,92.35909220478146,CatBoost
474,train,400.0,401.6408264192676,CatBoost
560,train,411.0,415.9448103399417,CatBoost
252,train,251.0,273.43980062956075,CatBoost
21,train,176.0,181.01000320543815,CatBoost
313,train,181.0,187.02141138053634,CatBoost
459,train,965.0,960.5740145320215,CatBoost
160,train,410.0,421.6473073893129,CatBoost
276,train,358.0,352.85035139634397,CatBoost
191,train,180.0,180.04283278859705,CatBoost
385,train,351.0,371.096400066816,CatBoost
413,train,180.0,176.64393085751163,CatBoost
491,train,252.0,245.70527274718296,CatBoost
343,train,94.0,98.74867087535853,CatBoost
308,train,117.0,116.50023030360717,CatBoost
661,train,240.0,246.16491422442195,CatBoost
130,train,612.0,605.4579237056286,CatBoost
663,train,341.0,327.92152831118403,CatBoost
99,train,310.0,291.7594040386344,CatBoost
372,train,246.0,263.2846324565352,CatBoost
87,train,273.0,257.75251048503765,CatBoost
458,train,467.0,466.67758406336213,CatBoost
330,train,335.0,373.00073840031473,CatBoost
214,train,100.0,112.53979884009107,CatBoost
466,train,1041.0,1066.394060077554,CatBoost
121,train,508.0,516.1308844562033,CatBoost
614,train,374.0,384.39802788934384,CatBoost
20,train,160.0,170.40973433375825,CatBoost
700,train,408.0,419.9294840450273,CatBoost
71,train,590.2,627.7813333280702,CatBoost
106,train,532.0,548.3382311295559,CatBoost
270,train,426.0,425.5053921921749,CatBoost
435,train,184.0,195.29639042577006,CatBoost
102,train,427.0,423.80521181214857,CatBoost
609,test,200.0,281.7810580462879,CatBoost
539,test,194.0,195.88358516179645,CatBoost
694,test,360.0,347.77978769013765,CatBoost
350,test,214.0,226.0853392165507,CatBoost
174,test,33.0,33.149505313002294,CatBoost
81,test,474.0,413.7049788202743,CatBoost
355,test,61.0,61.92602255106357,CatBoost
424,test,150.0,170.17988102565363,CatBoost
523,test,165.0,195.83300918485392,CatBoost
617,test,378.0,338.24280385109046,CatBoost
662,test,312.0,305.63557352056824,CatBoost
367,test,249.0,243.5266076455557,CatBoost
275,test,1100.0,1306.542829592458,CatBoost
101,test,453.0,522.6110018602757,CatBoost
526,test,203.0,202.40663221867342,CatBoost
382,test,239.0,223.77256449182008,CatBoost
300,test,126.0,93.53298492314951,CatBoost
250,test,78.0,88.99925017935396,CatBoost
165,test,126.0,117.89751132203719,CatBoost
603,test,365.0,357.84957468724394,CatBoost
39,test,140.2,122.37143168299502,CatBoost
109,test,460.0,488.66757590322146,CatBoost
730,test,678.0,603.5588680681608,CatBoost
446,test,183.0,183.46811535052956,CatBoost
181,test,901.0,903.200962575888,CatBoost
380,test,583.0,628.2046774257731,CatBoost
327,test,71.0,80.89175263603812,CatBoost
213,test,107.0,111.88058026441212,CatBoost
244,test,280.0,252.78584883881706,CatBoost
97,test,276.0,277.50455077743544,CatBoost
218,test,152.0,168.614520065185,CatBoost
78,test,237.0,324.2955102403258,CatBoost
557,test,191.0,235.74906776115623,CatBoost
118,test,484.0,459.95210201823943,CatBoost
725,test,2491.0,2026.872504023235,CatBoost
420,test,292.0,285.21289193570846,CatBoost
480,test,243.0,205.80688023390508,CatBoost
360,test,478.0,513.2550302590605,CatBoost
155,test,340.0,323.44409404073605,CatBoost
552,test,1400.0,1449.712818322898,CatBoost
33,test,115.53,126.2484484944624,CatBoost
259,test,378.0,342.3893333390002,CatBoost
361,test,162.0,203.26181475188514,CatBoost
76,test,240.0,380.18162352862987,CatBoost
462,test,64.0,86.76082993931124,CatBoost
65,test,76.1,70.10670807782651,CatBoost
676,test,537.0,546.2076999245996,CatBoost
429,test,332.0,318.5907575670758,CatBoost
10,test,233.7,195.78412840119486,CatBoost
395,test,404.0,321.11016332910833,CatBoost
66,test,54.4,75.30845111193781,CatBoost
120,test,512.0,374.68781009436333,CatBoost
740,test,361.3,305.89333771048285,CatBoost
199,test,219.0,215.76331442720823,CatBoost
393,test,334.0,347.1243508703674,CatBoost
533,test,306.0,356.40242552963775,CatBoost
77,test,250.0,434.890766059808,CatBoost
54,test,201.73,193.38971424881132,CatBoost
335,test,266.0,292.4233778901845,CatBoost
294,test,136.0,131.43815567857277,CatBoost
710,test,479.0,602.6325998090979,CatBoost
254,test,341.0,336.1530315903292,CatBoost
210,test,159.0,122.73834813680284,CatBoost
507,test,183.0,155.26971776876152,CatBoost
299,test,63.0,115.31434028295826,CatBoost
551,test,172.0,155.99966023523703,CatBoost
336,test,1111.0,1094.1386891581137,CatBoost
362,test,301.0,396.1140215133971,CatBoost
450,test,236.0,265.17232954965084,CatBoost
434,test,282.0,323.72801688508997,CatBoost
417,test,332.0,353.5770305239342,CatBoost
331,test,151.0,161.7251246200509,CatBoost
192,test,213.0,211.4116451256561,CatBoost
72,test,550.2,478.3150051907187,CatBoost
223,test,365.0,357.22905419219245,CatBoost
457,test,197.0,194.17977976096117,CatBoost
582,test,304.0,323.72801688508997,CatBoost
63,test,43.15,96.41037141555586,CatBoost
635,test,200.0,223.792359326407,CatBoost
411,test,408.0,367.83899568194255,CatBoost
49,test,222.0,308.16922437471203,CatBoost
426,test,433.0,399.8432243648872,CatBoost
532,test,258.0,274.90202730594257,CatBoost
375,test,329.0,323.51299323714625,CatBoost
679,test,363.0,356.85900307655436,CatBoost
583,test,396.0,313.2474934719066,CatBoost
487,test,152.0,182.54429052157542,CatBoost
23,test,180.0,154.98280691878753,CatBoost
405,test,254.0,394.58354999442923,CatBoost
739,test,393.9,326.499198784283,CatBoost
448,test,66.0,68.72410389067971,CatBoost
164,test,99.0,116.90766272963378,CatBoost
292,test,245.0,205.98281198508576,CatBoost
396,test,90.0,100.99712275094402,CatBoost
266,test,339.0,339.74160037727546,CatBoost
86,test,231.0,246.54434098013746,CatBoost
593,test,1079.0,1094.1386891581137,CatBoost
2,test,136.7,147.37466552246775,CatBoost
352,test,320.0,332.91044348918274,CatBoost
606,test,356.0,323.88673111462333,CatBoost
30,test,94.7,81.01514119300919,CatBoost
616,test,343.0,335.4908622877583,CatBoost
690,test,356.0,349.31585879047236,CatBoost
439,test,257.0,284.2036653962681,CatBoost
133,test,79.87,78.64052370585296,CatBoost
314,test,280.0,286.40665215188807,CatBoost
412,test,227.0,252.89016964987724,CatBoost
666,test,427.0,424.6593360638254,CatBoost
430,test,422.0,463.47738333188585,CatBoost
247,test,356.0,323.2662106195719,CatBoost
637,test,220.0,216.21983827408414,CatBoost
196,test,220.0,216.31234780276688,CatBoost
231,test,578.0,540.1340145078999,CatBoost
482,test,148.0,148.5831090926328,CatBoost
84,test,221.0,202.64191311012232,CatBoost
79,test,455.0,418.7717601537048,CatBoost
234,test,194.0,194.0559921864631,CatBoost
296,test,645.0,605.7744600337396,CatBoost
398,test,129.0,137.9909639256064,CatBoost
158,test,260.0,365.1963201953653,CatBoost
31,test,134.78,148.95417626587187,CatBoost
148,test,49.06,48.900813366801856,CatBoost
649,test,660.0,656.063964479217,CatBoost
416,test,71.0,66.65339446456642,CatBoost
432,test,177.0,181.95305618496678,CatBoost
501,test,483.0,452.83621134936595,CatBoost
734,test,974.0,1051.7049322695316,CatBoost
569,test,489.0,413.66535898817995,CatBoost
55,test,110.41,110.32376564493234,CatBoost
208,test,143.0,141.4591673019051,CatBoost
329,test,222.0,201.00117801802853,CatBoost
513,test,135.0,155.66889320311643,CatBoost
319,test,242.0,297.4713520391919,CatBoost
211,test,142.0,122.73834813680284,CatBoost
323,test,154.0,163.17682671335592,CatBoost
60,test,56.33,107.1562385882425,CatBoost
601,test,436.0,444.80403627230794,CatBoost
644,test,160.0,163.71975583247604,CatBoost
711,test,678.0,831.4037960938654,CatBoost
589,test,210.0,216.7045871564101,CatBoost
215,test,158.0,112.53979884009107,CatBoost
248,test,2050.0,2172.43730814317,CatBoost
90,test,831.0,757.4122838952428,CatBoost
591,test,120.0,121.23733858538156,CatBoost
404,test,364.0,391.87078745655805,CatBoost
69,test,72.8,70.10670807782651,CatBoost
712,test,675.0,658.3231326953725,CatBoost
131,test,101.65,121.10307950562884,CatBoost
44,test,118.2,127.67466305572651,CatBoost
