row_in_workbook,source,has_opening,d_mm,c_mm,fc_MPa,sqrt_fc,rho_percent,a_over_d,Dop_mm,Sop_mm,Vu_kN,subset,Vu_ACI318_kN,Vu_EC2_kN,Vu_ElShafiey_kN,Vu_Koroglu_kN
1,opening study,0,100.0,200.0,25.6,5.0596,0.39,10.0,0,1000.0,201.73,train,200.36,159.43,,
2,opening study,1,100.0,200.0,24.8,4.98,0.39,10.0,300,100.0,128.13,train,160.23,134.74,184.88,182.42
3,opening study,1,100.0,200.0,25.0,5.0,0.39,10.0,300,200.0,136.7,test,173.25,135.1,185.62,183.15
4,opening study,1,100.0,200.0,24.9,4.99,0.39,10.0,300,400.0,159.56,train,182.78,144.14,185.25,182.78
11,opening study,0,110.0,150.0,41.6,6.4498,1.62,8.1818,0,1000.0,249.9,train,243.49,319.45,,
12,opening study,0,110.0,150.0,41.6,6.4498,1.65,8.1818,0,1000.0,216.4,train,243.49,321.41,,
13,opening study,0,110.0,150.0,41.6,6.4498,1.58,8.1818,0,1000.0,259.2,train,243.49,316.8,,
14,opening study,0,110.0,150.0,39.8,6.3087,1.58,8.1818,0,1000.0,232.3,train,238.17,312.16,,
15,opening study,1,110.0,150.0,44.5,6.6708,1.28,8.1818,150,0.0,187.6,train,251.84,302.03,242.76,240.94
16,opening study,1,110.0,150.0,44.5,6.6708,1.34,8.1818,150,0.0,178.6,train,251.84,306.68,242.76,240.94
17,opening study,1,110.0,150.0,44.5,6.6708,1.26,8.1818,150,0.0,233.7,test,251.84,300.45,242.76,240.94
18,opening study,1,110.0,150.0,35.2,5.933,1.14,8.1818,150,0.0,187.6,train,223.98,268.75,215.9,214.29
19,opening study,1,110.0,150.0,35.2,5.933,1.08,8.1818,150,0.0,213.9,train,223.98,263.95,215.9,214.29
20,opening study,1,110.0,150.0,35.2,5.933,1.12,8.1818,150,0.0,194.8,train,223.98,267.17,215.9,214.29
21,opening study,1,110.0,150.0,41.4,6.4343,1.17,8.1818,150,0.0,208.4,train,242.91,286.15,234.15,232.4
22,opening study,1,110.0,150.0,40.0,6.3246,1.29,8.1818,75,0.0,184.0,train,238.76,292.25,234.46,233.6
23,opening study,0,100.0,150.0,24.02,4.901,1.13,8.5,0,1000.0,235.0,train,161.73,200.87,,
24,opening study,1,100.0,150.0,24.02,4.901,1.13,8.5,200,0.0,175.0,train,161.73,200.87,153.65,152.03
25,opening study,1,100.0,150.0,24.02,4.901,1.13,8.5,300,0.0,143.0,train,161.73,200.87,149.6,147.18
26,opening study,1,100.0,150.0,24.02,4.901,1.13,8.5,400,0.0,115.0,train,161.73,200.87,145.56,142.33
27,opening study,1,100.0,150.0,24.02,4.901,1.13,8.5,300,100.0,160.0,train,127.08,168.41,149.6,147.18
28,opening study,1,100.0,150.0,24.02,4.901,1.13,8.5,300,200.0,176.0,train,139.68,168.41,149.6,147.18
29,opening study,1,100.0,150.0,24.02,4.901,1.13,8.5,300,300.0,195.0,train,145.56,177.07,149.6,147.18
30,opening study,1,100.0,150.0,24.02,4.901,1.13,8.5,250,0.0,180.0,test,161.73,200.87,151.63,149.6
31,opening study,1,100.0,150.0,24.02,4.901,1.13,8.5,350,0.0,170.0,train,161.73,200.87,147.58,144.75
32,opening study,1,100.0,150.0,24.02,4.901,1.13,8.5,450,0.0,150.0,train,161.73,200.87,143.54,139.9
33,opening study,0,100.0,200.0,20.83,4.564,0.39,10.0,0,1000.0,193.0,train,180.73,148.84,,
34,opening study,1,100.0,200.0,20.6,4.5387,0.39,10.0,300,0.0,99.03,train,179.73,148.29,168.5,166.25
35,opening study,1,100.0,200.0,20.85,4.5662,0.39,10.0,300,0.0,125.86,train,180.82,148.88,169.52,167.26
36,opening study,1,100.0,200.0,19.63,4.4306,0.39,10.0,500,0.0,76.98,train,175.45,145.92,157.17,153.52
37,opening study,1,100.0,200.0,19.61,4.4283,0.39,10.0,500,0.0,94.7,test,175.36,145.87,157.09,153.44
38,opening study,1,100.0,200.0,20.02,4.4744,0.39,10.0,300,300.0,134.78,test,160.57,130.81,166.11,163.9
39,opening study,1,100.0,200.0,21.24,4.6087,0.39,10.0,300,300.0,172.15,train,165.39,133.42,171.1,168.82
40,opening study,1,100.0,200.0,20.05,4.4777,0.39,10.0,500,300.0,115.53,test,149.61,120.16,158.85,155.15
41,opening study,1,100.0,200.0,20.23,4.4978,0.39,10.0,500,300.0,138.83,train,150.28,120.52,159.56,155.85
42,opening study,0,80.0,100.0,31.6,5.6214,0.84,6.25,0,1000.0,182.9,train,106.85,120.73,,
43,opening study,0,80.0,100.0,30.3,5.5045,0.84,6.25,0,1000.0,176.7,train,104.63,119.05,,
44,opening study,0,80.0,100.0,27.7,5.2631,0.84,6.25,0,1000.0,154.9,train,100.04,115.54,,
45,opening study,0,80.0,100.0,24.6,4.9598,0.84,6.25,0,1000.0,150.0,train,94.28,111.06,,
46,opening study,1,80.0,100.0,31.6,5.6214,0.84,6.25,100,0.0,140.2,test,106.85,120.73,103.14,102.4
47,opening study,1,80.0,100.0,30.3,5.5045,0.84,6.25,100,0.0,137.0,train,104.63,119.05,101.0,100.27
48,opening study,1,80.0,100.0,27.7,5.2631,0.84,6.25,100,0.0,119.3,train,100.04,115.54,96.57,95.87
49,opening study,1,80.0,100.0,24.6,4.9598,0.84,6.25,100,0.0,109.2,train,94.28,111.06,91.0,90.35
50,opening study,1,80.0,100.0,31.6,5.6214,0.84,6.25,150,0.0,120.4,train,106.85,120.73,101.29,100.17
51,opening study,1,80.0,100.0,30.3,5.5045,0.84,6.25,150,0.0,118.2,test,104.63,119.05,99.18,98.09
52,opening study,1,80.0,100.0,27.7,5.2631,0.84,6.25,150,0.0,100.9,train,100.04,115.54,94.83,93.79
53,opening study,1,80.0,100.0,24.6,4.9598,0.84,6.25,150,0.0,91.6,train,94.28,111.06,89.37,88.38
54,opening study,0,130.0,200.0,30.0,5.4772,1.45,6.5385,0,1000.0,427.0,train,310.16,400.56,,
55,opening study,1,130.0,200.0,30.0,5.4772,1.45,6.5385,200,0.0,315.0,train,310.16,400.56,298.42,296.07
56,opening study,1,130.0,200.0,30.0,5.4772,1.45,6.5385,300,0.0,222.0,test,310.16,400.56,292.54,289.02
57,opening study,1,130.0,200.0,30.0,5.4772,1.45,6.5385,400,0.0,210.0,train,310.16,400.56,286.67,281.97
58,opening study,1,130.0,200.0,30.0,5.4772,1.45,6.5385,200,0.0,339.0,train,310.16,400.56,298.42,296.07
59,opening study,1,130.0,200.0,30.0,5.4772,1.45,6.5385,300,0.0,300.0,train,310.16,400.56,292.54,289.02
60,opening study,1,130.0,200.0,30.0,5.4772,1.45,6.5385,400,0.0,261.0,train,310.16,400.56,286.67,281.97
61,opening study,0,100.0,200.0,25.6,5.0596,0.39,10.0,0,1000.0,201.73,test,200.36,159.43,,
62,opening study,1,100.0,200.0,25.2,5.02,0.39,10.0,300,0.0,110.41,test,198.79,158.59,186.37,183.88
63,opening study,1,100.0,200.0,25.4,5.0398,0.39,10.0,300,0.0,158.61,train,199.58,159.01,187.1,184.61
64,opening study,1,100.0,200.0,25.1,5.01,0.39,10.0,300,0.0,71.45,train,198.4,158.38,186.0,183.52
65,opening study,1,100.0,200.0,25.0,5.0,0.39,10.0,500,0.0,87.66,train,198.0,158.17,177.38,173.25
66,opening study,1,100.0,200.0,24.9,4.99,0.39,10.0,500,0.0,123.0,train,197.6,157.96,177.02,172.9
67,opening study,1,100.0,200.0,25.5,5.0498,0.39,10.0,500,0.0,56.33,test,199.97,159.22,179.14,174.97
68,opening study,1,100.0,200.0,24.9,4.99,0.39,10.0,700,0.0,73.58,train,197.6,157.96,168.79,163.02
69,opening study,1,100.0,200.0,25.1,5.01,0.39,10.0,700,0.0,102.63,train,198.4,158.38,169.46,163.68
70,opening study,1,100.0,200.0,25.2,5.02,0.39,10.0,700,0.0,43.15,test,198.79,158.59,169.8,164.0
71,opening study,0,80.0,120.0,42.0,6.4807,1.2,6.875,0,1000.0,83.3,train,136.87,158.01,,
72,opening study,1,80.0,120.0,42.0,6.4807,1.2,6.875,100,40.0,76.1,test,119.76,147.37,132.6,131.74
73,opening study,1,80.0,120.0,42.0,6.4807,1.2,6.875,150,15.0,54.4,test,111.21,142.05,130.46,129.17
74,opening study,1,80.0,120.0,42.0,6.4807,1.2,6.875,100,40.0,72.5,train,119.76,147.37,132.6,131.74
75,opening study,1,80.0,120.0,42.0,6.4807,1.2,6.875,100,40.0,81.3,train,119.76,147.37,132.6,131.74
76,opening study,1,80.0,120.0,42.0,6.4807,1.2,6.875,100,40.0,72.8,test,119.76,147.37,132.6,131.74
77,opening study,1,80.0,120.0,42.0,6.4807,1.2,6.875,100,40.0,71.6,train,119.76,147.37,132.6,131.74
78,opening study,0,180.0,300.0,27.0,5.1962,1.16,5.5556,0,1000.0,590.2,train,592.61,707.14,,
79,opening study,1,180.0,300.0,27.0,5.1962,1.16,5.5556,150,75.0,550.2,test,546.31,676.5,581.04,578.72
80,opening study,1,180.0,300.0,27.0,5.1962,1.16,5.5556,150,75.0,517.3,train,546.31,676.5,581.04,578.72
81,opening study,1,180.0,300.0,27.0,5.1962,1.16,5.5556,150,75.0,452.9,train,546.31,676.5,581.04,578.72
86,opening study,0,130.0,500.0,37.8,6.1482,0.93,9.2308,0,1000.0,475.0,train,664.67,557.07,,
87,opening study,1,130.0,500.0,32.3,5.6833,0.87,9.2308,400,0.0,240.0,test,614.41,517.0,590.03,585.15
88,opening study,1,130.0,500.0,39.5,6.2849,1.17,9.2308,400,0.0,250.0,test,679.45,610.26,652.49,647.09
89,opening study,1,130.0,500.0,39.1,6.253,0.52,9.2308,400,0.0,237.0,test,676.0,464.14,649.17,643.81
90,opening study,1,130.0,500.0,37.2,6.0992,1.48,9.2308,200,0.0,455.0,test,659.37,646.93,646.29,643.67
91,opening study,1,130.0,500.0,34.2,5.8481,1.48,9.2308,200,0.0,375.0,train,632.22,629.05,619.68,617.17
92,opening study,1,130.0,500.0,44.0,6.6332,1.01,9.2308,300,0.0,474.0,test,717.11,602.34,695.76,691.5
93,opening study,1,130.0,500.0,39.0,6.245,1.05,9.2308,300,0.0,411.0,train,675.13,586.14,655.04,651.02
94,opening study,0,110.0,150.0,39.8,6.3087,1.58,8.1818,0,1000.0,247.0,train,238.17,312.16,,
95,opening study,1,110.0,150.0,46.0,6.7823,1.23,8.1818,150,0.0,221.0,test,256.05,301.36,246.81,244.97
96,opening study,1,110.0,150.0,46.3,6.8044,1.26,8.1818,150,90.0,250.0,train,227.69,281.41,247.62,245.77
97,opening study,1,110.0,150.0,45.9,6.775,1.23,8.1818,150,180.0,231.0,test,236.96,278.35,246.55,244.7
98,opening study,1,110.0,150.0,41.2,6.4187,1.49,8.1818,150,270.0,273.0,train,229.15,289.63,233.58,231.83
99,opening study,0,230.0,200.0,41.02,6.4047,1.57,5.4348,0,1000.0,1051.0,train,836.12,1183.43,,
100,opening study,0,230.0,200.0,33.41,5.7801,1.57,5.4348,0,1000.0,950.0,train,754.59,1105.19,,
101,opening study,1,230.0,200.0,43.26,6.5772,1.57,5.4348,300,0.0,831.0,test,858.64,1204.59,821.2,813.72
102,opening study,1,230.0,200.0,32.89,5.735,1.57,5.4348,300,0.0,751.0,train,748.69,1099.43,716.04,709.51
103,opening study,1,230.0,200.0,32.4,5.6921,1.57,5.4348,300,200.0,777.0,train,650.21,1005.01,710.69,704.21
104,opening study,1,230.0,200.0,35.69,5.9741,1.57,5.4348,300,200.0,801.0,train,682.42,1037.93,745.9,739.1
105,opening study,1,230.0,200.0,31.15,5.5812,1.57,5.4348,300,400.0,751.0,train,673.97,991.91,696.85,690.49
106,opening study,1,230.0,200.0,31.05,5.5723,1.57,5.4348,300,400.0,739.0,train,672.89,990.85,695.73,689.38
107,opening study,0,126.0,120.0,28.0,5.2915,1.14,9.127,0,1000.0,362.0,train,216.5,296.9,,
108,opening study,1,125.0,120.0,28.0,5.2915,1.15,9.2,120,0.0,276.0,test,213.91,293.6,207.36,206.05
109,opening study,1,127.0,120.0,28.0,5.2915,1.13,9.0551,240,0.0,274.0,train,219.11,300.19,205.8,203.14
110,opening study,1,127.0,120.0,28.0,5.2915,1.13,9.0551,360,0.0,310.0,train,219.11,300.19,199.15,195.15
111,opening study,1,126.0,120.0,28.0,5.2915,1.14,9.127,480,0.0,270.0,train,216.5,296.9,190.1,184.82
112,opening study,0,128.0,360.0,31.0,5.5678,1.13,8.9844,0,1000.0,453.0,test,459.08,459.63,,
113,opening study,1,126.0,360.0,31.0,5.5678,1.14,9.127,120,0.0,427.0,train,450.05,450.04,443.11,441.72
114,opening study,1,125.0,360.0,31.0,5.5678,1.15,9.2,120,0.0,365.0,train,445.56,445.91,438.67,437.29
115,opening study,1,125.0,360.0,31.0,5.5678,1.15,9.2,240,0.0,422.0,train,445.56,445.91,431.78,429.02
116,opening study,1,127.0,360.0,31.0,5.5678,1.13,9.0551,240,0.0,427.0,train,454.56,454.16,440.56,437.76
117,opening study,0,128.0,600.0,28.0,5.2915,1.13,8.9844,0,1000.0,532.0,train,650.87,584.21,,
118,opening study,1,131.0,600.0,28.0,5.2915,1.1,8.7786,120,0.0,528.0,train,668.87,598.14,662.01,660.63
119,opening study,1,129.0,600.0,28.0,5.2915,1.12,8.9147,120,0.0,534.0,train,656.86,588.88,650.1,648.75
120,opening study,1,130.0,600.0,28.0,5.2915,1.11,8.8462,240,0.0,460.0,test,662.86,593.52,649.24,646.51
121,opening study,1,130.0,600.0,28.0,5.2915,1.11,8.8462,240,0.0,480.0,train,662.86,593.52,649.24,646.51
122,opening study,0,130.0,200.0,36.01,6.0008,1.81,8.4615,0,1000.0,423.0,train,339.82,458.35,,
123,opening study,1,130.0,200.0,33.87,5.8198,1.7,8.4615,400,0.0,394.0,train,329.56,439.8,304.6,299.6
124,opening study,1,130.0,200.0,34.14,5.8429,1.69,8.4615,400,0.0,373.0,train,330.87,440.1,305.81,300.79
125,opening study,1,130.0,200.0,38.63,6.2153,1.74,8.4615,400,0.0,207.0,train,351.96,463.08,325.3,319.96
126,opening study,0,130.0,600.0,35.82,5.985,1.71,8.4615,0,1000.0,568.0,train,749.73,744.13,,
127,opening study,1,130.0,600.0,36.29,6.0241,1.67,8.4615,400,0.0,443.0,train,754.63,741.5,728.79,723.62
128,opening study,1,130.0,600.0,36.62,6.0514,1.61,8.4615,400,0.0,467.0,train,758.05,734.72,732.09,726.9
129,opening study,1,130.0,600.0,36.94,6.0778,1.7,8.4615,400,0.0,484.0,test,761.36,750.34,735.28,730.07
130,opening study,1,130.0,600.0,43.03,6.5597,1.69,8.4615,400,0.0,340.0,train,821.72,787.94,793.58,787.95
131,opening study,1,130.0,600.0,43.09,6.5643,1.64,8.4615,400,0.0,512.0,test,822.3,780.46,794.14,788.5
132,opening study,0,130.0,600.0,32.98,5.7428,1.67,8.4615,0,1000.0,508.0,train,719.39,718.23,,
133,opening study,1,130.0,600.0,33.09,5.7524,1.6,8.4615,400,0.0,428.0,train,720.59,708.84,695.91,690.98
134,opening study,1,130.0,600.0,33.21,5.7628,1.65,8.4615,400,0.0,383.0,train,721.9,717.01,697.17,692.23
135,opening study,1,130.0,600.0,37.53,6.1262,1.61,8.4615,400,0.0,420.0,train,767.41,740.76,741.13,735.88
136,opening study,0,130.0,600.0,39.71,6.3016,1.65,8.4615,0,1000.0,455.0,train,789.39,761.03,,
137,opening study,1,130.0,600.0,39.8,6.3087,1.67,8.4615,400,0.0,511.0,train,790.28,764.67,763.22,757.8
138,opening study,1,130.0,600.0,35.65,5.9708,1.67,8.4615,400,0.0,488.0,train,747.95,737.11,722.33,717.21
139,opening study,0,130.0,1000.0,40.15,6.3364,1.76,10.3846,0,1000.0,649.0,train,1228.68,1090.02,,
140,opening study,1,130.0,1000.0,37.89,6.1555,1.67,10.3846,400,0.0,529.0,train,1193.6,1050.62,1167.19,1161.91
141,opening study,1,130.0,1000.0,35.97,5.9975,1.66,10.3846,400,0.0,612.0,train,1162.96,1030.51,1137.23,1132.09
142,opening study,0,50.0,150.0,35.69,5.9741,0.525,10.0,0,1000.0,101.65,test,78.86,58.72,,
143,opening study,1,50.0,150.0,37.1,6.091,0.525,10.0,100,0.0,90.76,train,80.4,59.49,77.89,77.39
144,opening study,1,50.0,150.0,34.13,5.8421,0.525,10.0,150,0.0,79.87,test,77.12,57.86,73.5,72.78
145,opening study,1,50.0,150.0,32.83,5.7297,0.525,10.0,225,0.0,68.98,train,75.63,57.11,70.31,69.25
146,opening study,1,50.0,150.0,36.27,6.0225,0.525,10.0,150,0.0,90.76,train,79.5,59.04,75.77,75.02
147,opening study,1,50.0,150.0,36.5,6.0415,0.525,10.0,150,70.0,88.94,train,69.44,51.94,76.01,75.26
148,opening study,0,150.0,300.0,44.17,6.6461,0.5,5.0,0,1000.0,495.0,train,592.16,467.39,,
149,opening study,1,150.0,300.0,32.24,5.678,0.5,5.0,300,0.0,373.8,train,505.91,420.82,484.83,480.62
150,opening study,0,60.0,100.0,20.18,4.4922,0.9,8.3333,0,1000.0,57.73,train,56.93,65.52,,
151,opening study,1,60.0,100.0,20.18,4.4922,0.9,8.3333,70,80.0,49.09,train,53.09,61.55,55.37,55.06
152,opening study,1,60.0,100.0,20.18,4.4922,0.9,8.3333,70,80.0,51.1,train,53.09,61.55,55.37,55.06
153,opening study,1,60.0,100.0,20.18,4.4922,0.9,8.3333,140,80.0,44.71,train,49.26,57.57,53.81,53.19
154,opening study,1,60.0,100.0,20.18,4.4922,0.9,8.3333,70,320.0,57.04,train,55.58,63.69,55.37,55.06
155,opening study,1,60.0,100.0,20.18,4.4922,0.9,8.3333,70,320.0,56.92,train,55.58,63.69,55.37,55.06
156,opening study,1,60.0,100.0,20.18,4.4922,0.9,8.3333,140,320.0,55.5,train,54.23,61.87,53.81,53.19
157,opening study,0,60.0,100.0,29.71,5.4507,0.9,8.3333,0,1000.0,70.15,train,69.07,74.54,,
158,opening study,1,60.0,100.0,29.71,5.4507,0.9,8.3333,70,80.0,45.84,train,64.42,70.01,67.18,66.8
159,opening study,1,60.0,100.0,29.71,5.4507,0.9,8.3333,70,80.0,49.06,test,64.42,70.01,67.18,66.8
160,opening study,1,60.0,100.0,29.71,5.4507,0.9,8.3333,140,80.0,38.89,train,59.77,65.49,65.29,64.54
161,opening study,1,60.0,100.0,29.71,5.4507,0.9,8.3333,70,320.0,67.61,train,67.44,72.46,67.18,66.8
162,opening study,1,60.0,100.0,29.71,5.4507,0.9,8.3333,70,320.0,66.34,train,67.44,72.46,67.18,66.8
163,opening study,1,60.0,100.0,29.71,5.4507,0.9,8.3333,140,320.0,63.85,train,65.8,70.38,65.29,64.54
164,opening study,0,210.0,300.0,26.6,5.1575,0.64,4.7619,0,1000.0,760.0,train,729.13,737.6,,
165,opening study,0,210.0,300.0,25.5,5.0498,0.64,4.7619,0,1000.0,480.0,train,713.89,727.29,,
166,opening study,1,210.0,300.0,26.3,5.1284,0.64,4.7619,300,0.0,340.0,test,725.01,734.82,698.35,693.02
167,opening study,1,210.0,300.0,26.3,5.1284,0.64,4.7619,300,0.0,300.0,train,725.01,734.82,698.35,693.02
168,opening study,1,210.0,300.0,25.7,5.0695,0.64,4.7619,300,200.0,360.0,train,639.9,672.2,690.34,685.07
169,opening study,1,210.0,300.0,27.4,5.2345,0.64,4.7619,450,0.0,260.0,test,740.01,744.92,699.2,691.04
170,opening study,1,210.0,300.0,28.7,5.3572,0.64,4.7619,300,0.0,460.0,train,757.36,756.52,729.52,723.95
171,opening study,1,210.0,300.0,28.2,5.3104,0.64,4.7619,300,0.0,410.0,train,750.74,752.1,723.14,717.62
172,opening study,1,210.0,300.0,29.5,5.4314,0.64,4.7619,300,200.0,480.0,train,685.58,703.82,739.62,733.97
173,opening study,1,210.0,300.0,27.2,5.2154,0.64,4.7619,450,0.0,360.0,train,737.31,743.11,696.65,688.51
174,opening study,0,100.0,200.0,20.83,4.564,0.471,10.0,0,1000.0,193.0,train,180.73,158.5,,
175,opening study,1,100.0,200.0,20.6,4.5387,0.471,10.0,300,0.0,99.0,test,179.73,157.91,168.5,166.25
176,opening study,1,100.0,200.0,20.85,4.5662,0.471,10.0,300,0.0,126.0,test,180.82,158.55,169.52,167.26
177,opening study,1,100.0,200.0,19.63,4.4306,0.471,10.0,500,0.0,77.0,train,175.45,155.4,157.17,153.52
178,opening study,1,100.0,200.0,19.61,4.4283,0.471,10.0,500,0.0,95.0,train,175.36,155.34,157.09,153.44
179,opening study,1,100.0,200.0,20.02,4.4744,0.471,10.0,300,300.0,135.0,train,160.57,139.31,166.11,163.9
180,opening study,1,100.0,200.0,21.24,4.6087,0.471,10.0,300,300.0,172.0,train,165.39,142.08,171.1,168.82
181,opening study,1,100.0,200.0,20.05,4.4777,0.471,10.0,500,300.0,115.0,train,149.61,127.96,158.85,155.15
182,opening study,1,100.0,200.0,20.23,4.4978,0.471,10.0,500,300.0,139.0,train,150.28,128.34,159.56,155.85
183,opening study,0,35.0,75.0,23.87,4.8857,1.2025,12.1429,0,1000.0,56.0,train,24.83,28.54,,
184,opening study,1,35.0,75.0,22.1,4.7011,1.2025,12.1429,75,0.0,29.0,train,23.89,27.82,22.87,22.67
185,opening study,1,35.0,75.0,21.8,4.669,1.2025,12.1429,75,70.0,33.0,test,21.66,24.88,22.72,22.51
186,opening study,1,35.0,75.0,22.5,4.7434,1.2025,12.1429,75,157.5,24.0,train,22.95,26.42,23.08,22.87
187,opening study,1,35.0,75.0,23.5,4.8477,1.2025,12.1429,75,245.0,47.0,train,23.82,27.3,23.59,23.38
188,opening study,1,35.0,75.0,21.9,4.6797,1.2025,12.1429,75,0.0,36.0,train,23.78,27.73,22.77,22.57
189,opening study,1,35.0,75.0,22.3,4.7223,1.2025,12.1429,75,70.0,41.0,train,21.91,25.07,22.98,22.77
190,opening study,1,35.0,75.0,23.8,4.8785,1.2025,12.1429,75,157.5,37.0,train,23.6,26.92,23.74,23.52
191,opening study,1,35.0,75.0,22.7,4.7645,1.2025,12.1429,75,245.0,56.0,train,23.41,26.98,23.18,22.97
192,opening study,0,180.0,950.0,33.0,5.7446,1.26,6.9444,0,1000.0,901.0,test,1542.35,1360.87,,
193,opening study,1,180.0,950.0,33.0,5.7446,1.26,6.9444,240,0.0,761.0,train,1542.35,1360.87,1521.87,1517.78
194,opening study,1,180.0,950.0,33.0,5.7446,1.26,6.9444,240,0.0,781.0,train,1542.35,1360.87,1521.87,1517.78
195,opening study,1,180.0,950.0,33.0,5.7446,1.26,6.9444,240,0.0,831.0,train,1542.35,1360.87,1521.87,1517.78
196,opening study,1,180.0,950.0,33.0,5.7446,1.26,6.9444,240,0.0,671.0,train,1542.35,1360.87,1521.87,1517.78
197,opening study,1,180.0,950.0,33.0,5.7446,1.26,6.9444,240,0.0,681.0,train,1542.35,1360.87,1521.87,1517.78
198,opening study,0,90.0,150.0,44.0,6.6332,1.111111111111111,10.0,0,1000.0,234.0,train,189.13,205.07,,
199,opening study,1,90.0,150.0,44.0,6.6332,1.111111111111111,10.0,70,0.0,182.0,train,189.13,205.07,185.68,184.99
200,opening study,1,90.0,150.0,44.0,6.6332,1.111111111111111,10.0,150,0.0,145.0,train,189.13,205.07,181.74,180.26
201,opening study,1,90.0,150.0,44.0,6.6332,1.111111111111111,10.0,70,90.0,198.0,train,179.1,196.78,185.68,184.99
202,opening study,1,90.0,150.0,44.0,6.6332,1.111111111111111,10.0,150,90.0,180.0,train,167.64,187.3,181.74,180.26
203,opening study,1,90.0,150.0,44.0,6.6332,1.111111111111111,10.0,70,180.0,213.0,test,182.64,196.78,185.68,184.99
204,opening study,1,90.0,150.0,44.0,6.6332,1.111111111111111,10.0,150,180.0,197.0,train,175.22,187.3,181.74,180.26
205,opening study,1,90.0,150.0,44.0,6.6332,1.111111111111111,10.0,70,270.0,218.0,train,184.33,198.94,185.68,184.99
206,opening study,1,90.0,150.0,44.0,6.6332,1.111111111111111,10.0,150,270.0,212.0,train,178.85,191.94,181.74,180.26
207,opening study,1,90.0,150.0,44.0,6.6332,1.111111111111111,10.0,70,360.0,220.0,test,185.32,200.21,185.68,184.99
208,opening study,1,90.0,150.0,44.0,6.6332,1.111111111111111,10.0,150,360.0,215.0,train,180.98,194.65,181.74,180.26
209,opening study,1,90.0,150.0,44.0,6.6332,1.111111111111111,10.0,70,450.0,223.0,train,185.98,201.04,185.68,184.99
210,opening study,1,90.0,150.0,44.0,6.6332,1.111111111111111,10.0,150,450.0,219.0,test,182.37,196.44,181.74,180.26
211,opening study,1,100.0,200.0,20.35,4.5111,0.471,10.0,200,0.0,128.0,train,178.64,157.27,171.2,169.71
212,opening study,1,100.0,200.0,20.35,4.5111,0.471,10.0,200,0.0,112.0,train,178.64,157.27,171.2,169.71
213,opening study,1,100.0,200.0,20.35,4.5111,0.471,10.0,400,0.0,78.0,train,178.64,157.27,163.75,160.78
214,opening study,1,100.0,200.0,20.35,4.5111,0.471,10.0,400,0.0,98.0,train,178.64,157.27,163.75,160.78
215,opening study,1,100.0,200.0,20.35,4.5111,0.471,10.0,600,0.0,53.0,train,178.64,157.27,156.31,151.84
216,opening study,1,100.0,200.0,20.35,4.5111,0.471,10.0,600,0.0,141.0,train,178.64,157.27,156.31,151.84
217,opening study,1,100.0,200.0,20.35,4.5111,0.471,10.0,200,150.0,147.0,train,160.78,141.98,171.2,169.71
218,opening study,1,100.0,200.0,20.35,4.5111,0.471,10.0,200,150.0,119.0,train,160.78,141.98,171.2,169.71
219,opening study,1,100.0,200.0,20.35,4.5111,0.471,10.0,300,150.0,143.0,test,151.84,134.33,167.47,165.24
220,opening study,1,100.0,200.0,20.35,4.5111,0.471,10.0,300,150.0,166.0,train,151.84,134.33,167.47,165.24
221,opening study,1,100.0,200.0,20.35,4.5111,0.471,10.0,400,150.0,159.0,test,142.91,126.68,163.75,160.78
222,opening study,1,100.0,200.0,20.35,4.5111,0.471,10.0,400,150.0,142.0,test,142.91,126.68,163.75,160.78
223,opening study,1,100.0,200.0,20.35,4.5111,0.471,10.0,500,150.0,99.0,train,133.98,119.04,160.03,156.31
224,opening study,1,100.0,200.0,20.35,4.5111,0.471,10.0,500,150.0,107.0,test,133.98,119.04,160.03,156.31
225,opening study,1,100.0,200.0,20.35,4.5111,0.471,10.0,600,150.0,100.0,train,125.05,111.39,156.31,151.84
226,opening study,1,100.0,200.0,20.35,4.5111,0.471,10.0,600,150.0,158.0,test,125.05,111.39,156.31,151.84
227,opening study,1,100.0,200.0,20.35,4.5111,0.471,10.0,200,300.0,192.0,train,167.47,145.8,171.2,169.71
228,opening study,1,100.0,200.0,20.35,4.5111,0.471,10.0,200,300.0,176.0,train,167.47,145.8,171.2,169.71
229,opening study,1,100.0,200.0,20.35,4.5111,0.471,10.0,400,300.0,152.0,test,156.31,134.33,163.75,160.78
230,opening study,1,100.0,200.0,20.35,4.5111,0.471,10.0,400,300.0,199.0,train,156.31,134.33,163.75,160.78
231,opening study,1,100.0,200.0,20.35,4.5111,0.471,10.0,600,300.0,141.0,train,145.14,122.86,156.31,151.84
232,opening study,1,100.0,200.0,20.35,4.5111,0.471,10.0,600,300.0,185.0,train,145.14,122.86,156.31,151.84
233,solid-slab database [30],0,76.2,80.11,23.42,4.8394,2.0,1.8307,0,1000.0,129.0,train,76.09,126.37,,
234,solid-slab database [30],0,118.0,254.0,23.97,4.8959,1.17,6.4576,0,1000.0,365.0,test,283.68,322.51,,
235,solid-slab database [30],0,275.0,200.0,111.72,10.5698,1.49,4.1818,0,1000.0,2450.0,train,1822.49,2147.09,,
236,solid-slab database [30],0,124.0,203.0,37.34,6.1106,1.0,4.7056,0,1000.0,411.0,train,327.06,353.65,,
237,solid-slab database [30],0,107.0,100.0,24.32,4.9315,1.06,13.5514,0,1000.0,216.0,train,144.18,198.52,,
238,solid-slab database [30],0,60.0,78.54,24.6,4.9598,1.06,3.825,0,1000.0,98.0,train,54.42,68.42,,
239,solid-slab database [30],0,88.0,200.0,19.8,4.4497,1.2,9.0909,0,1000.0,199.0,train,148.86,173.58,,
240,solid-slab database [30],0,88.0,100.0,84.89,9.2136,1.84,5.6818,0,1000.0,330.0,train,201.21,256.91,,
241,solid-slab database [30],0,122.0,254.0,28.62,5.3498,1.56,7.2869,0,1000.0,440.0,train,323.93,397.17,,
242,solid-slab database [30],0,114.0,254.0,48.01,6.9289,3.02,6.6842,0,1000.0,578.0,test,383.7,527.92,,
243,solid-slab database [30],0,82.0,173.57,8.66,2.9428,1.26,8.4085,0,1000.0,152.0,train,81.41,112.93,,
244,solid-slab database [30],0,107.0,250.0,31.41,5.6045,1.06,12.8505,0,1000.0,283.0,train,282.59,290.54,,
245,solid-slab database [30],0,77.0,200.0,25.73,5.0725,1.63,10.5844,0,1000.0,194.0,test,142.81,170.24,,
246,solid-slab database [30],0,121.0,203.0,19.57,4.4238,1.0,4.8223,0,1000.0,322.0,train,228.93,273.81,,
247,solid-slab database [30],0,456.0,520.0,32.4,5.6921,0.33,5.0877,0,1000.0,2153.0,train,3343.96,2347.6,,
248,solid-slab database [30],0,121.67,159.44,49.47,7.0335,0.66,1.9849,0,1000.0,306.0,train,317.54,303.33,,
249,solid-slab database [30],0,102.0,203.0,18.34,4.2825,1.7,5.7206,0,1000.0,330.0,train,175.86,241.98,,
250,solid-slab database [30],0,123.0,225.0,54.24,7.3648,1.94,7.7683,0,1000.0,447.0,train,416.12,511.26,,
251,solid-slab database [30],0,121.0,228.5,28.02,5.2934,0.75,6.9298,0,1000.0,315.0,train,295.49,292.65,,
252,solid-slab database [30],0,46.0,102.0,25.77,5.0764,3.24,5.3152,0,1000.0,83.0,train,45.62,71.37,,
253,solid-slab database [30],0,165.1,152.0,42.71,6.5353,0.75,4.9303,0,1000.0,600.0,train,451.63,506.39,,
254,solid-slab database [30],0,80.0,188.5,41.9,6.473,1.8,5.1,0,1000.0,281.0,train,183.53,214.07,,
255,solid-slab database [30],0,113.0,164.93,21.95,4.6851,0.83,6.5044,0,1000.0,280.0,test,194.22,222.62,,
256,solid-slab database [30],0,111.0,254.0,17.77,4.2154,1.52,7.0946,0,1000.0,334.0,train,225.44,289.05,,
257,solid-slab database [30],0,99.0,160.0,25.84,5.0833,1.43,7.2727,0,1000.0,260.0,train,172.05,223.65,,
258,solid-slab database [30],0,118.0,254.0,19.25,4.3875,1.17,6.4576,0,1000.0,356.0,test,254.22,299.77,,
259,solid-slab database [30],0,275.0,200.0,64.14,8.0087,1.49,4.1818,0,1000.0,2050.0,test,1380.91,1784.5,,
260,solid-slab database [30],0,111.0,109.96,11.54,3.3971,0.64,4.5495,0,1000.0,177.0,train,109.98,142.78,,
261,solid-slab database [30],0,63.2,102.0,19.57,4.4238,0.89,6.0285,0,1000.0,78.0,test,60.97,70.9,,
262,solid-slab database [30],0,201.0,188.5,20.4,4.5166,0.77,2.8856,0,1000.0,648.0,train,466.76,593.63,,
263,solid-slab database [30],0,108.0,300.0,51.52,7.1777,0.51,9.1667,0,1000.0,251.0,train,417.49,295.57,,
264,solid-slab database [30],0,60.0,78.54,25.57,5.0567,1.06,3.825,0,1000.0,104.0,train,55.48,69.3,,
265,solid-slab database [30],0,98.0,117.81,57.0,7.5498,1.27,6.2347,0,1000.0,341.0,test,210.77,250.36,,
266,solid-slab database [30],0,200.0,196.35,22.73,4.7676,0.8,5.32,0,1000.0,603.0,train,498.86,624.55,,
267,solid-slab database [30],0,200.0,150.0,89.28,9.4488,2.62,5.125,0,1000.0,1450.0,train,873.07,1381.13,,
268,solid-slab database [30],0,82.0,301.5,12.0,3.4641,1.26,8.5305,0,1000.0,244.0,train,143.79,163.25,,
269,solid-slab database [30],0,127.0,40.06,24.89,4.989,0.75,5.7992,0,1000.0,166.0,train,139.72,212.99,,
270,solid-slab database [30],0,114.3,203.0,21.88,4.6776,1.05,6.8985,0,1000.0,378.0,test,223.93,263.0,,
271,solid-slab database [30],0,106.0,109.96,11.54,3.3971,0.67,4.7642,0,1000.0,187.0,train,102.65,133.7,,
272,solid-slab database [30],0,143.0,235.62,32.4,5.6921,1.48,8.042,0,1000.0,628.0,train,406.8,512.36,,
273,solid-slab database [30],0,79.0,200.0,20.55,4.5332,0.75,10.3165,0,1000.0,165.0,train,131.89,126.88,,
274,solid-slab database [30],0,75.0,200.0,35.85,5.9875,1.5,1.3333,0,1000.0,368.0,train,163.01,177.58,,
275,solid-slab database [30],0,127.0,279.6,24.89,4.989,0.75,4.5984,0,1000.0,243.0,train,340.06,329.2,,
276,solid-slab database [30],0,114.3,304.5,26.2,5.1186,1.14,5.7874,0,1000.0,394.0,train,323.43,338.88,,
277,solid-slab database [30],0,117.0,203.0,19.95,4.4665,1.2,4.9872,0,1000.0,339.0,test,220.74,277.05,,
278,solid-slab database [30],0,95.0,220.0,68.4,8.2704,1.49,6.7368,0,1000.0,498.0,train,326.69,331.29,,
279,solid-slab database [30],0,83.0,157.87,13.28,3.6442,0.93,5.2169,0,1000.0,307.0,train,96.17,115.65,,
280,solid-slab database [30],0,114.3,254.0,19.46,4.4113,3.45,6.6754,0,1000.0,311.0,train,245.13,410.12,,
281,solid-slab database [30],0,108.0,360.0,61.64,7.8511,0.51,9.1667,0,1000.0,426.0,train,523.81,343.23,,
282,solid-slab database [30],0,114.3,152.0,25.21,5.021,1.14,7.1216,0,1000.0,311.0,train,201.73,257.67,,
283,solid-slab database [30],0,63.2,76.0,20.72,4.5519,0.89,6.2342,0,1000.0,83.0,train,52.86,66.01,,
284,solid-slab database [30],0,100.0,200.0,71.25,8.441,1.49,5.0,0,1000.0,371.0,train,334.26,350.58,,
285,solid-slab database [30],0,75.0,200.0,26.4,5.1381,1.5,1.0,0,1000.0,338.0,train,139.88,160.36,,
286,solid-slab database [30],0,200.0,150.0,87.98,9.3798,1.75,5.125,0,1000.0,1100.0,test,866.69,1201.41,,
287,solid-slab database [30],0,106.0,240.0,49.68,7.0484,0.52,9.3396,0,1000.0,358.0,train,341.23,258.56,,
288,solid-slab database [30],0,46.5,100.0,29.4,5.4222,0.44,5.8065,0,1000.0,45.0,train,48.76,38.68,,
289,solid-slab database [30],0,46.5,100.0,28.95,5.3805,1.96,5.8065,0,1000.0,97.0,train,48.38,63.32,,
290,solid-slab database [30],0,107.0,180.0,52.44,7.2415,0.51,9.2523,0,1000.0,331.0,train,293.54,237.83,,
291,solid-slab database [30],0,124.0,203.0,39.33,6.2714,1.7,4.7056,0,1000.0,431.0,train,335.66,429.44,,
292,solid-slab database [30],0,38.1,80.11,13.15,3.6263,2.06,7.664,0,1000.0,34.0,train,21.56,32.92,,
293,solid-slab database [30],0,99.0,98.17,21.45,4.6314,0.8,5.3737,0,1000.0,194.0,train,119.33,150.46,,
294,solid-slab database [30],0,300.0,200.0,37.43,6.118,0.75,2.625,0,1000.0,1381.0,train,1211.37,1362.37,,
295,solid-slab database [30],0,124.0,254.0,28.1,5.3009,1.54,7.1694,0,1000.0,464.0,train,327.97,403.44,,
296,solid-slab database [30],0,201.0,188.5,20.1,4.4833,0.57,2.8856,0,1000.0,547.0,train,463.31,534.36,,
297,solid-slab database [30],0,172.0,137.44,34.2,5.8481,0.58,1.8169,0,1000.0,668.0,train,410.86,454.44,,
298,solid-slab database [30],0,114.0,356.0,20.83,4.564,2.49,6.2368,0,1000.0,436.0,train,322.79,437.2,,
299,solid-slab database [30],0,125.0,150.0,64.6,8.0374,0.64,5.4,0,1000.0,365.0,train,364.7,337.78,,
300,solid-slab database [30],0,75.0,150.0,23.7,4.8683,1.5,3.0,0,1000.0,227.0,train,108.44,136.94,,
301,solid-slab database [30],0,275.0,200.0,89.68,9.47,2.55,4.1818,0,1000.0,2400.0,train,1632.86,2386.84,,
302,solid-slab database [30],0,80.0,330.5,14.2,3.7683,1.34,7.9375,0,1000.0,245.0,train,163.35,178.94,,
303,solid-slab database [30],0,82.0,173.57,15.9,3.9875,0.89,5.1585,0,1000.0,245.0,test,110.31,123.15,,
304,solid-slab database [30],0,170.0,164.93,22.14,4.7053,0.49,4.3235,0,1000.0,480.0,train,353.64,378.8,,
305,solid-slab database [30],0,60.5,152.0,18.23,4.2697,1.89,5.8843,0,1000.0,136.0,test,72.46,96.97,,
306,solid-slab database [30],0,127.0,225.0,35.34,5.9447,1.03,7.5236,0,1000.0,301.0,train,350.8,378.19,,
307,solid-slab database [30],0,120.0,150.0,76.0,8.7178,2.36,5.625,0,1000.0,645.0,test,372.84,513.56,,
308,solid-slab database [30],0,35.0,100.0,35.33,5.9439,0.69,7.7143,0,1000.0,38.0,train,37.07,30.68,,
309,solid-slab database [30],0,109.0,177.5,39.6,6.2929,1.31,4.4679,0,1000.0,362.0,train,259.4,304.36,,
310,solid-slab database [30],0,53.5,100.0,28.3,5.3198,1.42,5.0467,0,1000.0,63.0,test,57.67,70.74,,
311,solid-slab database [30],0,53.5,100.0,26.1,5.1088,1.96,5.0467,0,1000.0,126.0,test,55.38,76.67,,
312,solid-slab database [30],0,125.0,318.87,31.07,5.574,1.13,5.456,0,1000.0,799.0,train,408.24,419.4,,
313,solid-slab database [30],0,120.0,250.0,34.96,5.9127,0.84,5.9167,0,1000.0,365.0,train,346.53,334.26,,
314,solid-slab database [30],0,105.7,200.0,33.82,5.8155,0.63,10.596,0,1000.0,264.0,train,248.05,224.51,,
315,solid-slab database [30],0,80.0,160.0,29.32,5.4148,1.31,10.4375,0,1000.0,262.0,train,137.23,159.88,,
316,solid-slab database [30],0,114.0,254.0,41.72,6.4591,2.02,6.6842,0,1000.0,505.0,train,357.68,440.57,,
317,solid-slab database [30],0,75.0,200.0,33.45,5.7836,0.75,1.0,0,1000.0,284.0,train,157.46,137.73,,
318,solid-slab database [30],0,118.0,86.39,30.38,5.5118,0.8,5.8898,0,1000.0,265.0,train,175.47,224.98,,
319,solid-slab database [30],0,64.0,62.83,31.2,5.5857,0.98,6.4062,0,1000.0,117.0,train,59.85,76.05,,
320,solid-slab database [30],0,93.0,117.81,39.98,6.323,1.52,6.5591,0,1000.0,248.0,train,163.63,215.86,,
321,solid-slab database [30],0,76.2,80.11,21.48,4.6347,2.0,3.832,0,1000.0,136.0,train,72.87,122.78,,
322,solid-slab database [30],0,100.0,130.0,34.7,5.8907,0.75,6.25,0,1000.0,243.0,train,178.84,189.54,,
323,solid-slab database [30],0,114.3,254.0,20.96,4.5782,1.53,6.6754,0,1000.0,356.0,train,254.4,320.59,,
324,solid-slab database [30],0,82.0,173.57,9.3,3.0496,1.2,5.1585,0,1000.0,181.0,train,84.36,113.78,,
325,solid-slab database [30],0,118.0,133.52,30.15,5.4909,0.8,5.6356,0,1000.0,280.0,test,215.12,247.55,,
326,solid-slab database [30],0,124.7,200.0,24.7,4.9699,0.73,8.9816,0,1000.0,258.0,train,265.63,278.64,,
327,solid-slab database [30],0,210.0,260.0,27.7,5.2631,1.5,5.9524,0,1000.0,1024.0,train,685.69,951.71,,
328,solid-slab database [30],0,118.0,42.41,32.17,5.6719,0.8,6.1271,0,1000.0,170.0,train,141.71,207.25,,
329,solid-slab database [30],0,119.0,235.62,27.68,5.2612,2.29,5.9244,0,1000.0,540.0,train,293.07,416.42,,
330,solid-slab database [30],0,124.0,203.0,17.86,4.2261,1.0,4.7056,0,1000.0,242.0,test,226.2,276.57,,
331,solid-slab database [30],0,125.0,235.62,24.52,4.9518,0.53,5.64,0,1000.0,258.0,train,294.64,265.9,,
332,solid-slab database [30],0,98.0,98.17,24.98,4.998,0.4,5.4286,0,1000.0,145.0,train,126.83,123.42,,
333,solid-slab database [30],0,83.0,80.11,37.99,6.1636,1.75,6.7289,0,1000.0,139.0,train,110.15,165.04,,
334,solid-slab database [30],0,93.0,117.81,11.18,3.3437,1.52,6.5591,0,1000.0,154.0,test,86.53,141.16,,
335,solid-slab database [30],0,51.0,152.0,11.11,3.3332,1.67,7.4706,0,1000.0,113.0,train,45.55,60.7,,
336,solid-slab database [30],0,123.0,225.0,63.74,7.9837,1.94,7.7683,0,1000.0,485.0,train,451.09,539.52,,
337,solid-slab database [30],0,40.5,100.0,31.5,5.6125,0.42,6.6667,0,1000.0,36.0,train,42.16,31.34,,
338,solid-slab database [30],0,40.5,100.0,27.82,5.2745,1.29,6.6667,0,1000.0,71.0,test,39.62,43.71,,
339,solid-slab database [30],0,80.0,160.0,26.55,5.1527,1.31,10.4375,0,1000.0,248.0,train,130.59,154.67,,
340,solid-slab database [30],0,100.0,150.0,38.02,6.166,0.56,7.7,0,1000.0,222.0,test,203.48,185.25,,
341,solid-slab database [30],0,119.0,203.0,27.74,5.2669,1.5,4.9034,0,1000.0,335.0,train,266.4,342.53,,
342,solid-slab database [30],0,127.0,40.06,24.89,4.989,0.75,5.7992,0,1000.0,151.0,test,139.72,212.99,,
343,solid-slab database [30],0,114.0,203.0,31.16,5.5821,1.1,5.1184,0,1000.0,377.0,train,266.28,299.23,,
344,solid-slab database [30],0,38.1,119.38,13.15,3.6263,2.06,3.0052,0,1000.0,49.0,train,28.72,39.39,,
345,solid-slab database [30],0,100.0,200.0,19.0,4.3589,1.09,5.0,0,1000.0,202.0,train,172.61,203.32,,
346,solid-slab database [30],0,111.0,203.0,19.38,4.4023,1.01,7.3243,0,1000.0,266.0,test,202.54,237.66,,
347,solid-slab database [30],0,174.0,706.07,22.89,4.7843,1.16,3.9397,0,1000.0,1111.0,test,967.08,936.4,,
348,solid-slab database [30],0,40.5,100.0,28.05,5.2962,0.8,6.6667,0,1000.0,55.0,train,39.78,37.38,,
349,solid-slab database [30],0,275.0,200.0,83.49,9.1373,1.49,4.1818,0,1000.0,2250.0,train,1575.5,1948.43,,
350,solid-slab database [30],0,70.0,150.0,70.0,8.3666,0.95,8.5714,0,1000.0,196.0,train,170.08,151.07,,
351,solid-slab database [30],0,70.0,150.0,64.6,8.0374,2.02,9.6429,0,1000.0,267.0,train,163.38,189.13,,
352,solid-slab database [30],0,199.0,196.35,21.45,4.6314,0.8,5.3467,0,1000.0,600.0,train,480.97,607.22,,
353,solid-slab database [30],0,77.0,200.0,21.98,4.6883,1.2,10.5844,0,1000.0,176.0,train,132.0,145.85,,
354,solid-slab database [30],0,60.0,78.54,24.75,4.9749,1.06,3.825,0,1000.0,94.0,train,54.59,68.56,,
355,solid-slab database [30],0,90.0,117.81,31.82,5.6409,0.58,4.1667,0,1000.0,240.0,train,139.26,137.19,,
356,solid-slab database [30],0,75.0,100.0,36.08,6.0067,1.5,1.6667,0,1000.0,182.0,train,104.07,137.11,,
357,solid-slab database [30],0,114.0,254.0,21.48,4.6347,3.73,6.6842,0,1000.0,445.0,train,256.65,433.21,,
358,solid-slab database [30],0,127.0,199.49,24.89,4.989,0.75,5.0,0,1000.0,216.0,train,273.06,290.34,,
359,solid-slab database [30],0,75.0,100.0,11.55,3.3985,1.5,1.6667,0,1000.0,109.0,train,58.88,93.79,,
360,solid-slab database [30],0,120.0,235.62,27.68,5.2612,2.27,5.875,0,1000.0,491.0,train,296.36,420.85,,
361,solid-slab database [30],0,95.0,117.81,35.48,5.9565,0.83,6.4211,0,1000.0,214.0,test,158.96,175.85,,
362,solid-slab database [30],0,106.0,300.0,49.68,7.0484,0.52,9.3396,0,1000.0,395.0,train,400.4,285.63,,
363,solid-slab database [30],0,117.0,304.5,24.61,4.9608,0.86,7.1667,0,1000.0,320.0,test,322.93,313.21,,
364,solid-slab database [30],0,127.0,119.38,24.89,4.989,0.75,5.4016,0,1000.0,198.0,train,206.06,251.48,,
365,solid-slab database [30],0,98.0,117.81,78.97,8.8865,1.27,6.2347,0,1000.0,405.0,train,248.09,279.1,,
366,solid-slab database [30],0,46.0,102.0,25.71,5.0705,0.74,5.3152,0,1000.0,61.0,test,45.57,43.59,,
367,solid-slab database [30],0,55.0,78.54,38.95,6.241,0.35,3.6364,0,1000.0,60.0,train,60.51,47.55,,
368,solid-slab database [30],0,100.0,200.0,20.52,4.5299,0.73,5.0,0,1000.0,188.0,train,179.38,182.51,,
369,solid-slab database [30],0,38.1,40.06,13.15,3.6263,2.06,2.336,0,1000.0,35.0,train,14.25,26.32,,
370,solid-slab database [30],0,125.0,225.0,28.5,5.3385,1.91,7.644,0,1000.0,349.0,train,308.3,421.38,,
371,solid-slab database [30],0,177.0,157.87,22.89,4.7843,0.64,4.4322,0,1000.0,478.0,test,374.32,445.25,,
372,solid-slab database [30],0,82.0,201.0,8.73,2.9547,0.89,5.2805,0,1000.0,162.0,test,90.51,107.26,,
373,solid-slab database [30],0,107.0,450.0,28.24,5.3141,1.06,11.9159,0,1000.0,301.0,test,418.07,376.1,,
374,solid-slab database [30],0,127.0,279.6,24.89,4.989,0.75,4.5984,0,1000.0,243.0,train,340.06,329.2,,
375,solid-slab database [30],0,107.0,100.0,23.02,4.7979,1.06,13.5514,0,1000.0,196.0,train,140.28,194.92,,
376,solid-slab database [30],0,100.0,200.0,60.52,7.7795,2.26,5.0,0,1000.0,405.0,train,308.07,381.47,,
377,solid-slab database [30],0,120.0,150.0,70.3,8.3845,1.68,5.625,0,1000.0,543.0,train,358.59,446.79,,
378,solid-slab database [30],0,127.0,279.6,24.89,4.989,0.75,4.5984,0,1000.0,249.0,test,340.06,329.2,,
379,solid-slab database [30],0,100.0,200.0,37.43,6.118,0.97,2.625,0,1000.0,330.0,train,242.27,245.16,,
380,solid-slab database [30],0,127.0,199.49,24.89,4.989,0.75,5.0,0,1000.0,220.0,train,273.06,290.34,,
381,solid-slab database [30],0,128.0,125.66,31.2,5.5857,0.98,6.4062,0,1000.0,390.0,train,239.39,304.2,,
382,solid-slab database [30],0,95.0,117.81,8.93,2.9883,0.83,6.4211,0,1000.0,123.0,train,79.75,111.03,,
383,solid-slab database [30],0,109.0,180.0,53.36,7.3048,0.5,9.0826,0,1000.0,246.0,train,303.74,245.03,,
384,solid-slab database [30],0,98.0,117.81,56.62,7.5246,1.27,6.2347,0,1000.0,319.0,train,210.07,249.81,,
385,solid-slab database [30],0,40.5,100.0,28.05,5.2962,0.52,6.6667,0,1000.0,44.0,train,39.78,32.38,,
386,solid-slab database [30],0,114.0,254.0,12.84,3.5833,3.02,6.6842,0,1000.0,329.0,test,198.43,340.13,,
387,solid-slab database [30],0,75.0,200.0,36.08,6.0067,1.5,1.0,0,1000.0,421.0,train,163.53,177.96,,
388,solid-slab database [30],0,38.1,80.11,13.15,3.6263,2.06,0.9974,0,1000.0,78.0,train,21.56,32.92,,
389,solid-slab database [30],0,171.0,235.62,25.75,5.0744,1.18,6.7251,0,1000.0,626.0,train,465.74,593.83,,
390,solid-slab database [30],0,114.3,254.0,23.26,4.8229,1.05,6.6754,0,1000.0,392.0,train,268.0,292.77,,
391,solid-slab database [30],0,150.0,200.0,37.43,6.118,0.9,2.6333,0,1000.0,583.0,test,423.98,468.26,,
392,solid-slab database [30],0,118.0,102.0,33.98,5.8292,0.8,5.9237,0,1000.0,285.0,train,199.75,241.51,,
393,solid-slab database [30],0,80.0,235.62,15.62,3.9522,2.02,8.125,0,1000.0,239.0,test,131.73,177.26,,
394,solid-slab database [30],0,106.0,109.96,11.54,3.3971,0.67,4.7642,0,1000.0,172.0,train,102.65,133.7,,
395,solid-slab database [30],0,79.0,200.0,26.4,5.1381,1.15,10.3165,0,1000.0,165.0,train,149.49,159.06,,
396,solid-slab database [30],0,118.0,254.0,34.97,5.9135,1.17,6.4576,0,1000.0,351.0,train,342.65,365.78,,
397,solid-slab database [30],0,118.0,356.0,24.82,4.982,1.17,6.0254,0,1000.0,400.0,train,367.82,379.55,,
398,solid-slab database [30],0,75.0,200.0,11.55,3.3985,1.5,1.0,0,1000.0,221.0,train,92.52,121.74,,
399,solid-slab database [30],0,107.0,109.96,11.54,3.3971,0.66,4.7196,0,1000.0,183.0,train,104.1,135.24,,
400,solid-slab database [30],0,100.0,98.17,26.77,5.174,0.8,5.32,0,1000.0,216.0,train,135.34,164.89,,
401,solid-slab database [30],0,92.0,200.0,19.48,4.4136,1.48,8.1522,0,1000.0,220.0,train,156.51,198.66,,
402,solid-slab database [30],0,210.0,260.0,28.5,5.3385,0.33,5.9524,0,1000.0,540.0,train,695.53,580.01,,
403,solid-slab database [30],0,260.0,350.0,28.89,5.3749,1.15,6.6346,0,1000.0,1046.0,train,1125.25,1318.06,,
404,solid-slab database [30],0,114.0,254.0,12.97,3.6014,2.49,6.6842,0,1000.0,334.0,test,199.43,320.01,,
405,solid-slab database [30],0,118.0,118.0,24.15,4.9143,0.84,6.6102,0,1000.0,275.0,train,180.65,226.48,,
406,solid-slab database [30],0,107.0,300.0,51.52,7.1777,0.51,9.2523,0,1000.0,404.0,test,412.61,291.4,,
407,solid-slab database [30],0,46.5,100.0,27.0,5.1962,1.29,5.8065,0,1000.0,90.0,test,46.72,53.81,,
408,solid-slab database [30],0,80.0,179.86,22.27,4.7191,0.98,4.8188,0,1000.0,245.0,train,129.5,138.81,,
409,solid-slab database [30],0,76.2,80.11,22.93,4.7885,2.0,6.6667,0,1000.0,129.0,test,75.29,125.49,,
410,solid-slab database [30],0,40.5,100.0,32.62,5.7114,1.03,6.6667,0,1000.0,66.0,train,42.9,42.76,,
411,solid-slab database [30],0,86.0,117.81,33.34,5.7741,1.79,4.3605,0,1000.0,313.0,train,133.59,187.77,,
412,solid-slab database [30],0,200.0,150.0,107.83,10.3841,2.62,5.125,0,1000.0,1550.0,train,959.49,1470.83,,
413,solid-slab database [30],0,114.0,254.0,27.05,5.201,2.49,6.6842,0,1000.0,400.0,train,288.01,408.86,,
414,solid-slab database [30],0,200.0,150.0,70.02,8.3678,1.75,5.125,0,1000.0,1200.0,train,773.18,1113.36,,
415,solid-slab database [30],0,114.3,254.0,21.48,4.6347,2.3,6.6754,0,1000.0,364.0,test,257.54,370.27,,
416,solid-slab database [30],0,114.0,203.0,36.38,6.0316,1.1,5.1184,0,1000.0,254.0,test,287.72,315.08,,
417,solid-slab database [30],0,95.0,117.81,21.75,4.6637,0.83,6.4211,0,1000.0,197.0,train,124.46,149.38,,
418,solid-slab database [30],0,127.0,119.38,24.89,4.989,0.75,5.4016,0,1000.0,199.0,train,206.06,251.48,,
419,solid-slab database [30],0,117.0,117.81,26.18,5.1166,0.85,6.6667,0,1000.0,255.0,train,185.55,230.02,,
420,solid-slab database [30],0,127.0,279.6,24.89,4.989,0.75,4.5984,0,1000.0,239.0,train,340.06,329.2,,
421,solid-slab database [30],0,98.0,117.81,40.88,6.3937,1.27,6.2347,0,1000.0,297.0,train,178.5,224.1,,
422,solid-slab database [30],0,124.0,235.62,23.1,4.8062,1.1,5.6855,0,1000.0,408.0,test,282.91,328.19,,
423,solid-slab database [30],0,102.0,117.81,31.57,5.6187,1.03,5.9902,0,1000.0,227.0,test,166.29,205.46,,
424,solid-slab database [30],0,101.0,94.25,23.93,4.8918,0.53,2.8713,0,1000.0,180.0,train,127.34,139.59,,
425,solid-slab database [30],0,108.0,120.0,54.28,7.3675,0.51,9.1667,0,1000.0,322.0,train,239.47,216.08,,
426,solid-slab database [30],0,176.0,158.65,31.07,5.574,0.45,3.8864,0,1000.0,537.0,train,433.36,434.45,,
427,solid-slab database [30],0,40.5,100.0,27.82,5.2745,1.16,6.6667,0,1000.0,71.0,test,39.62,42.19,,
428,solid-slab database [30],0,122.0,235.62,23.02,4.7979,1.09,5.7787,0,1000.0,332.0,test,276.32,318.31,,
429,solid-slab database [30],0,197.0,196.35,22.65,4.7592,0.35,5.401,0,1000.0,444.0,train,486.8,461.14,,
430,solid-slab database [30],0,100.0,150.0,34.95,5.9119,0.56,7.7,0,1000.0,198.0,train,195.09,180.13,,
431,solid-slab database [30],0,119.0,203.0,15.2,3.8987,1.2,4.9034,0,1000.0,292.0,test,197.2,260.2,,
432,solid-slab database [30],0,121.0,203.0,13.49,3.6729,1.9,4.8223,0,1000.0,301.0,train,190.07,299.57,,
433,solid-slab database [30],0,108.0,240.0,51.52,7.1777,0.51,9.1667,0,1000.0,241.0,train,356.09,267.83,,
434,solid-slab database [30],0,473.0,300.0,13.05,3.6125,0.6,1.2685,0,1000.0,1659.0,train,1743.49,1993.15,,
435,solid-slab database [30],0,100.0,100.0,34.37,5.8626,0.56,7.95,0,1000.0,150.0,test,154.77,159.83,,
436,solid-slab database [30],0,95.0,150.0,70.3,8.3845,1.2,7.1053,0,1000.0,356.0,train,257.6,269.06,,
437,solid-slab database [30],0,114.3,305.0,19.78,4.4475,1.52,6.4523,0,1000.0,433.0,test,281.36,339.88,,
438,solid-slab database [30],0,114.0,356.0,26.39,5.1371,2.49,6.2368,0,1000.0,534.0,train,363.33,473.08,,
439,solid-slab database [30],0,170.0,315.73,31.07,5.574,0.67,4.0235,0,1000.0,686.0,train,607.56,572.27,,
440,solid-slab database [30],0,122.0,117.81,27.0,5.1962,1.63,6.3934,0,1000.0,332.0,test,200.67,310.8,,
441,solid-slab database [30],0,121.0,203.0,30.88,5.557,1.9,4.8223,0,1000.0,422.0,test,287.57,394.81,,
442,solid-slab database [30],0,88.0,117.81,33.34,5.7741,1.29,4.2614,0,1000.0,294.0,train,138.04,175.05,,
443,solid-slab database [30],0,110.0,109.96,11.54,3.3971,0.64,4.5909,0,1000.0,177.0,test,108.5,140.52,,
444,solid-slab database [30],0,500.0,300.0,37.43,6.118,0.76,1.475,0,1000.0,2681.0,train,3230.31,3356.2,,
445,solid-slab database [30],0,124.7,200.0,33.53,5.7905,0.54,8.9816,0,1000.0,282.0,test,309.48,279.03,,
446,solid-slab database [30],0,107.0,100.0,37.74,6.1433,1.06,13.5514,0,1000.0,184.0,train,179.61,229.84,,
447,solid-slab database [30],0,60.0,100.0,37.05,6.0869,1.95,7.5,0,1000.0,170.0,train,77.13,103.82,,
448,solid-slab database [30],0,118.0,254.0,27.57,5.2507,1.17,6.4576,0,1000.0,356.0,train,304.24,337.91,,
449,solid-slab database [30],0,190.0,300.0,32.2,5.6745,1.35,7.1053,0,1000.0,825.0,train,697.35,862.83,,
450,solid-slab database [30],0,107.0,250.0,32.15,5.6701,1.06,12.8505,0,1000.0,257.0,test,285.9,292.81,,
451,solid-slab database [30],0,90.0,150.0,62.7,7.9183,2.38,7.5,0,1000.0,418.0,train,225.77,297.47,,
452,solid-slab database [30],0,83.0,80.11,37.99,6.1636,1.75,1.8313,0,1000.0,204.0,train,110.15,165.04,,
453,solid-slab database [30],0,40.5,100.0,32.62,5.7114,0.82,6.6667,0,1000.0,56.0,train,42.9,39.63,,
454,solid-slab database [30],0,128.0,125.66,32.17,5.6719,0.98,6.4062,0,1000.0,365.0,train,243.09,307.32,,
455,solid-slab database [30],0,125.0,508.0,33.67,5.8026,1.52,7.112,0,1000.0,579.0,train,606.05,601.93,,
456,solid-slab database [30],0,117.0,203.0,30.59,5.5308,1.9,4.9872,0,1000.0,531.0,train,273.34,372.36,,
457,solid-slab database [30],0,80.0,78.54,37.5,6.1237,1.8,5.975,0,1000.0,183.0,test,102.52,154.72,,
458,solid-slab database [30],0,172.0,313.37,31.07,5.574,0.66,3.9855,0,1000.0,696.0,train,614.25,578.77,,
459,solid-slab database [30],0,46.5,100.0,27.0,5.1962,0.69,5.8065,0,1000.0,66.0,test,46.72,43.68,,
460,solid-slab database [30],0,172.0,137.44,38.66,6.2177,0.58,1.1192,0,1000.0,789.0,train,436.83,473.39,,
461,solid-slab database [30],0,96.0,130.0,29.3,5.4129,1.46,6.5104,0,1000.0,236.0,test,155.02,208.66,,
462,solid-slab database [30],0,40.5,100.0,28.05,5.2962,1.11,6.6667,0,1000.0,67.0,train,39.78,41.69,,
463,solid-slab database [30],0,117.0,203.0,14.72,3.8367,1.5,4.9872,0,1000.0,339.0,train,189.61,269.68,,
464,solid-slab database [30],0,111.0,109.96,11.54,3.3971,0.64,4.5495,0,1000.0,198.0,train,109.98,142.78,,
465,solid-slab database [30],0,127.0,225.0,63.74,7.9837,1.03,7.5236,0,1000.0,443.0,train,471.11,460.35,,
466,solid-slab database [30],0,113.28,159.44,23.58,4.8559,2.13,2.1319,0,1000.0,357.0,train,198.02,310.15,,
467,solid-slab database [30],0,60.0,78.54,26.77,5.174,1.06,3.825,0,1000.0,104.0,train,56.77,70.37,,
468,solid-slab database [30],0,75.0,150.0,21.52,4.639,1.5,4.6667,0,1000.0,197.0,test,103.33,132.61,,
469,solid-slab database [30],0,114.0,254.0,35.56,5.9632,2.49,6.6842,0,1000.0,467.0,train,330.22,447.89,,
470,solid-slab database [30],0,200.0,196.35,84.67,9.2016,0.81,5.375,0,1000.0,965.0,train,962.83,972.17,,
471,solid-slab database [30],0,60.5,51.0,19.24,4.3863,1.89,6.719,0,1000.0,71.0,train,39.06,69.58,,
472,solid-slab database [30],0,100.0,200.0,70.3,8.3845,1.49,5.0,0,1000.0,331.0,train,332.03,349.01,,
473,solid-slab database [30],0,63.2,51.0,21.87,4.6765,0.89,6.432,0,1000.0,64.0,test,44.55,61.09,,
474,solid-slab database [30],0,53.5,100.0,30.38,5.5118,0.69,5.0467,0,1000.0,88.0,train,59.75,56.94,,
475,solid-slab database [30],0,95.0,150.0,66.5,8.1548,0.84,7.1053,0,1000.0,249.0,train,250.54,234.51,,
476,solid-slab database [30],0,46.0,102.0,27.92,5.2839,1.62,5.3152,0,1000.0,88.0,train,47.48,58.18,,
477,solid-slab database [30],0,200.0,196.35,87.02,9.3285,1.19,5.375,0,1000.0,1041.0,train,976.1,1115.31,,
478,solid-slab database [30],0,127.0,119.38,24.89,4.989,0.75,5.4016,0,1000.0,200.0,train,206.06,251.48,,
479,solid-slab database [30],0,114.0,356.0,23.77,4.8754,3.73,6.2368,0,1000.0,498.0,train,344.82,522.75,,
480,solid-slab database [30],0,64.0,62.83,32.17,5.6719,0.98,6.4062,0,1000.0,105.0,train,60.77,76.83,,
481,solid-slab database [30],0,40.5,100.0,27.82,5.2745,1.45,6.6667,0,1000.0,79.0,train,39.62,45.45,,
482,solid-slab database [30],0,100.0,150.0,32.34,5.6868,0.37,7.7,0,1000.0,137.0,train,187.67,152.88,,
483,solid-slab database [30],0,80.77,119.38,23.75,4.8734,1.5,2.3585,0,1000.0,160.0,train,103.99,142.8,,
484,solid-slab database [30],0,121.67,159.44,23.58,4.8559,0.66,1.9849,0,1000.0,271.0,train,219.23,236.95,,
485,solid-slab database [30],0,107.0,240.0,55.2,7.4297,0.51,9.2523,0,1000.0,400.0,train,364.13,270.05,,
486,solid-slab database [30],0,128.0,235.62,24.3,4.9295,1.06,5.5078,0,1000.0,430.0,train,302.86,347.15,,
487,solid-slab database [30],0,114.3,254.0,24.1,4.9092,2.3,6.6754,0,1000.0,378.0,train,272.79,384.75,,
488,solid-slab database [30],0,160.0,200.0,28.2,5.3104,0.94,0.625,0,1000.0,1099.0,train,403.76,482.71,,
489,solid-slab database [30],0,75.0,100.0,27.64,5.2574,1.5,6.0,0,1000.0,180.0,train,91.08,125.45,,
490,solid-slab database [30],0,121.67,159.44,15.29,3.9102,0.66,1.9849,0,1000.0,230.0,train,176.54,205.09,,
491,solid-slab database [30],0,80.77,119.38,49.47,7.0335,1.5,2.3585,0,1000.0,243.0,test,150.09,182.37,,
492,solid-slab database [30],0,117.0,203.0,25.93,5.0922,1.9,4.9872,0,1000.0,292.0,train,251.66,352.4,,
493,solid-slab database [30],0,99.0,98.17,23.55,4.8528,0.4,5.3737,0,1000.0,148.0,test,125.04,123.2,,
494,solid-slab database [30],0,107.0,450.0,30.29,5.5036,1.06,11.9159,0,1000.0,397.0,train,432.97,384.99,,
495,solid-slab database [30],0,83.0,80.11,37.99,6.1636,1.75,3.0602,0,1000.0,149.0,train,110.15,165.04,,
496,solid-slab database [30],0,127.0,119.38,24.89,4.989,0.75,5.4016,0,1000.0,202.0,train,206.06,251.48,,
497,solid-slab database [30],0,95.0,150.0,39.9,6.3166,1.49,7.1053,0,1000.0,320.0,train,194.07,239.44,,
498,solid-slab database [30],0,80.0,179.86,12.73,3.5679,1.34,7.9375,0,1000.0,152.0,test,97.91,127.87,,
499,solid-slab database [30],0,114.3,203.0,21.09,4.5924,1.05,6.8985,0,1000.0,343.0,train,219.85,259.8,,
500,solid-slab database [30],0,200.0,150.0,97.75,9.8869,2.62,5.125,0,1000.0,1450.0,train,913.55,1423.49,,
501,solid-slab database [30],0,35.0,100.0,35.33,5.9439,1.28,7.7143,0,1000.0,57.0,train,37.07,37.7,,
502,solid-slab database [30],0,91.0,200.0,21.18,4.6022,1.5,8.0604,0,1000.0,252.0,train,160.87,201.66,,
503,solid-slab database [30],0,40.5,100.0,28.8,5.3666,0.69,6.6667,0,1000.0,57.0,train,40.31,35.9,,
504,solid-slab database [30],0,125.0,508.0,33.93,5.8249,1.52,7.112,0,1000.0,580.0,train,608.39,603.48,,
505,solid-slab database [30],0,82.0,173.57,19.17,4.3784,1.33,8.4085,0,1000.0,240.0,train,121.12,149.85,,
506,solid-slab database [30],0,82.0,201.0,12.35,3.5143,0.89,5.2805,0,1000.0,215.0,train,107.65,120.4,,
507,solid-slab database [30],0,100.0,150.0,33.15,5.7576,0.56,7.7,0,1000.0,174.0,train,190.0,176.98,,
508,solid-slab database [30],0,106.0,180.0,53.36,7.3048,0.52,9.3396,0,1000.0,361.0,train,292.32,237.06,,
509,solid-slab database [30],0,60.5,102.0,19.1,4.3704,1.89,6.2975,0,1000.0,105.0,train,56.72,84.09,,
510,solid-slab database [30],0,70.0,150.0,71.25,8.441,1.52,9.6429,0,1000.0,258.0,train,171.59,177.73,,
511,solid-slab database [30],0,127.0,119.38,24.89,4.989,0.75,5.4016,0,1000.0,201.0,train,206.06,251.48,,
512,solid-slab database [30],0,124.0,250.0,33.3,5.7706,1.53,7.0565,0,1000.0,483.0,test,353.26,423.36,,
513,solid-slab database [30],0,124.0,203.0,13.3,3.6469,1.0,4.7056,0,1000.0,254.0,train,195.2,250.69,,
514,solid-slab database [30],0,114.0,254.0,26.52,5.1498,2.49,6.6842,0,1000.0,512.0,train,285.18,406.17,,
515,solid-slab database [30],0,63.2,152.0,15.53,3.9408,0.89,5.6329,0,1000.0,88.0,train,70.75,76.56,,
516,solid-slab database [30],0,114.0,254.0,25.21,5.021,3.73,6.6842,0,1000.0,534.0,train,278.04,456.96,,
517,solid-slab database [30],0,172.0,158.65,31.07,5.574,0.46,3.9767,0,1000.0,503.0,train,418.45,420.15,,
518,solid-slab database [30],0,101.0,109.96,11.54,3.3971,0.7,5.0,0,1000.0,183.0,test,95.54,124.68,,
519,solid-slab database [30],0,107.0,120.0,54.28,7.3675,0.51,9.2523,0,1000.0,318.0,train,236.21,212.61,,
520,solid-slab database [30],0,108.0,360.0,52.44,7.2415,0.51,9.1667,0,1000.0,287.0,train,483.14,325.23,,
521,solid-slab database [30],0,30.0,76.0,26.33,5.1313,1.77,5.5167,0,1000.0,31.0,train,21.54,26.47,,
522,solid-slab database [30],0,107.0,100.0,34.02,5.8327,1.41,13.5514,0,1000.0,211.0,train,170.53,244.17,,
523,solid-slab database [30],0,93.0,117.81,25.12,5.012,1.52,6.5591,0,1000.0,214.0,train,129.71,184.88,,
524,solid-slab database [30],0,60.0,100.0,37.05,6.0869,1.95,7.5,0,1000.0,135.0,test,77.13,103.82,,
525,solid-slab database [30],0,40.5,100.0,31.88,5.6462,1.99,6.6667,0,1000.0,85.0,train,42.41,52.85,,
526,solid-slab database [30],0,80.0,179.86,13.71,3.7027,1.34,4.8188,0,1000.0,181.0,train,101.61,131.07,,
527,solid-slab database [30],0,63.2,127.0,18.63,4.3162,0.89,5.8307,0,1000.0,88.0,train,68.49,75.55,,
528,solid-slab database [30],0,95.0,150.0,65.55,8.0963,1.49,7.1053,0,1000.0,356.0,train,248.74,282.52,,
529,solid-slab database [30],0,118.0,254.0,13.36,3.6551,1.17,6.4576,0,1000.0,302.0,train,211.79,265.41,,
530,solid-slab database [30],0,200.0,196.35,23.77,4.8754,0.34,5.32,0,1000.0,489.0,train,510.15,476.62,,
531,solid-slab database [30],0,120.0,235.62,25.2,5.02,1.11,5.875,0,1000.0,332.0,train,282.78,321.34,,
532,solid-slab database [30],0,240.0,392.7,26.18,5.1166,1.31,4.4792,0,1000.0,1662.0,train,1025.58,1231.46,,
533,solid-slab database [30],0,40.5,100.0,31.88,5.6462,0.6,6.6667,0,1000.0,49.0,train,42.41,35.44,,
534,solid-slab database [30],0,107.0,100.0,37.28,6.1057,0.53,13.5514,0,1000.0,165.0,test,178.51,181.68,,
535,solid-slab database [30],0,173.0,157.87,31.07,5.574,0.45,3.9566,0,1000.0,530.0,train,421.16,420.92,,
536,solid-slab database [30],0,114.3,254.0,24.76,4.9759,1.15,6.6754,0,1000.0,371.0,train,276.5,308.14,,
537,solid-slab database [30],0,127.0,119.38,24.89,4.989,0.75,5.4016,0,1000.0,203.0,test,206.06,251.48,,
538,solid-slab database [30],0,121.0,117.81,29.48,5.4295,1.64,6.4463,0,1000.0,334.0,train,207.1,316.07,,
539,solid-slab database [30],0,201.0,196.35,103.36,10.1666,0.61,5.3483,0,1000.0,960.0,train,1071.81,952.45,,
540,solid-slab database [30],0,98.0,117.81,39.3,6.269,1.27,6.2347,0,1000.0,286.0,train,175.01,221.18,,
541,solid-slab database [30],0,82.0,173.57,16.05,4.0062,1.21,5.1585,0,1000.0,201.0,train,110.82,136.85,,
542,solid-slab database [30],0,38.1,40.06,13.15,3.6263,2.06,2.9921,0,1000.0,24.0,train,14.25,26.32,,
543,solid-slab database [30],0,124.7,200.0,24.7,4.9699,0.54,8.9816,0,1000.0,258.0,test,265.63,252.0,,
544,solid-slab database [30],0,125.0,225.0,28.5,5.3385,0.98,7.644,0,1000.0,306.0,test,308.3,337.34,,
545,solid-slab database [30],0,75.0,150.0,27.0,5.1962,1.5,1.3333,0,1000.0,235.0,train,115.74,143.02,,
546,solid-slab database [30],0,246.0,196.35,31.16,5.5821,0.55,1.1179,0,1000.0,1356.0,train,801.81,841.64,,
547,solid-slab database [30],0,38.1,80.11,13.15,3.6263,2.06,2.3228,0,1000.0,36.0,train,21.56,32.92,,
548,solid-slab database [30],0,40.5,100.0,28.8,5.3666,0.56,6.6667,0,1000.0,49.0,train,40.31,33.48,,
549,solid-slab database [30],0,107.0,120.0,52.44,7.2415,0.51,9.2523,0,1000.0,240.0,train,232.17,210.18,,
550,solid-slab database [30],0,77.0,200.0,30.3,5.5045,0.92,10.5844,0,1000.0,194.0,test,154.98,148.57,,
551,solid-slab database [30],0,118.0,117.81,30.82,5.5516,0.8,5.7203,0,1000.0,285.0,train,203.91,241.6,,
552,solid-slab database [30],0,46.0,102.0,26.33,5.1313,1.62,5.3152,0,1000.0,87.0,train,46.11,57.05,,
553,solid-slab database [30],0,60.0,78.54,27.23,5.2182,1.56,3.825,0,1000.0,113.0,train,57.26,80.5,,
554,solid-slab database [30],0,123.0,225.0,35.34,5.9447,1.94,7.7683,0,1000.0,317.0,train,335.89,443.23,,
555,solid-slab database [30],0,132.7,200.0,31.54,5.616,0.5,8.4401,0,1000.0,257.0,train,327.29,295.61,,
556,solid-slab database [30],0,114.0,254.0,18.53,4.3046,2.49,6.6842,0,1000.0,400.0,train,238.38,360.42,,
557,solid-slab database [30],0,100.0,117.81,30.82,5.5516,1.25,6.11,0,1000.0,244.0,train,159.61,210.09,,
558,solid-slab database [30],0,271.0,300.0,12.3,3.5071,1.03,2.214,0,1000.0,1165.0,train,716.36,973.63,,
559,solid-slab database [30],0,80.77,119.38,13.78,3.7121,1.5,2.3585,0,1000.0,108.0,train,79.21,119.1,,
560,solid-slab database [30],0,172.0,704.5,22.89,4.7843,1.17,3.9913,0,1000.0,1107.0,train,952.09,922.47,,
561,solid-slab database [30],0,114.3,254.0,22.63,4.7571,3.45,6.6754,0,1000.0,334.0,train,264.34,431.28,,
562,solid-slab database [30],0,75.0,100.0,33.45,5.7836,0.75,1.6667,0,1000.0,172.0,test,100.2,106.11,,
563,solid-slab database [30],0,200.0,150.0,118.7,10.895,1.75,5.125,0,1000.0,1400.0,test,1006.69,1327.54,,
564,solid-slab database [30],0,80.0,251.33,38.0,6.1644,1.8,4.6,0,1000.0,324.0,train,215.68,236.82,,
565,solid-slab database [30],0,100.0,200.0,70.97,8.4244,2.26,5.0,0,1000.0,489.0,train,333.61,402.27,,
566,solid-slab database [30],0,127.0,225.0,54.24,7.3648,1.03,7.5236,0,1000.0,363.0,train,434.59,436.24,,
567,solid-slab database [30],0,114.0,254.0,32.81,5.728,3.73,6.6842,0,1000.0,547.0,train,317.2,498.91,,
568,solid-slab database [30],0,100.0,200.0,34.12,5.8412,0.56,7.45,0,1000.0,191.0,test,231.31,197.94,,
569,solid-slab database [30],0,121.0,304.5,24.8,4.98,0.79,7.0868,0,1000.0,314.0,train,338.44,321.59,,
570,solid-slab database [30],0,400.0,300.0,37.43,6.118,0.76,1.8438,0,1000.0,2224.0,train,2261.22,2336.24,,
571,solid-slab database [30],0,117.0,203.0,31.16,5.5821,1.5,4.9872,0,1000.0,411.0,train,275.87,346.27,,
572,solid-slab database [30],0,80.0,157.08,40.0,6.3246,1.8,5.35,0,1000.0,288.0,train,158.34,195.73,,
573,solid-slab database [30],0,95.0,300.0,67.45,8.2128,1.49,6.3158,0,1000.0,560.0,train,406.8,380.63,,
574,solid-slab database [30],0,53.5,100.0,30.38,5.5118,1.29,5.0467,0,1000.0,124.0,train,59.75,70.15,,
575,solid-slab database [30],0,200.0,196.35,86.73,9.3129,0.81,5.375,0,1000.0,1021.0,train,974.47,979.99,,
576,solid-slab database [30],0,83.0,80.11,37.99,6.1636,1.75,4.2831,0,1000.0,129.0,train,110.15,165.04,,
577,solid-slab database [30],0,90.0,180.64,31.82,5.6409,0.58,3.7222,0,1000.0,265.0,train,181.37,158.7,,
578,solid-slab database [30],0,200.0,150.0,86.48,9.2995,1.75,5.125,0,1000.0,1300.0,train,859.27,1194.54,,
579,solid-slab database [30],0,109.0,360.0,57.96,7.6131,0.5,9.0826,0,1000.0,446.0,train,513.73,338.66,,
580,solid-slab database [30],0,120.0,150.0,66.5,8.1548,0.95,5.625,0,1000.0,489.0,test,348.76,362.68,,
581,solid-slab database [30],0,82.0,93.46,8.88,2.9799,0.74,5.7805,0,1000.0,117.0,train,56.59,77.65,,
582,solid-slab database [30],0,82.0,93.46,10.37,3.2202,1.04,9.0305,0,1000.0,98.0,train,61.16,91.59,,
583,solid-slab database [30],0,124.7,200.0,33.53,5.7905,0.54,8.9816,0,1000.0,343.0,train,309.48,279.03,,
584,solid-slab database [30],0,51.0,152.0,13.62,3.6905,2.2,7.4706,0,1000.0,123.0,train,50.43,71.22,,
585,solid-slab database [30],0,60.0,78.54,24.75,4.9749,1.56,3.825,0,1000.0,100.0,train,54.59,77.98,,
586,solid-slab database [30],0,38.1,80.11,13.15,3.6263,2.06,3.6614,0,1000.0,33.0,train,21.56,32.92,,
587,solid-slab database [30],0,99.0,320.0,31.16,5.5821,1.43,6.4646,0,1000.0,360.0,train,305.65,318.92,,
588,solid-slab database [30],0,117.0,203.0,27.84,5.2764,1.2,4.9872,0,1000.0,394.0,train,260.76,309.6,,
589,solid-slab database [30],0,60.0,78.54,27.98,5.2896,0.69,3.825,0,1000.0,82.0,train,58.04,61.89,,
590,solid-slab database [30],0,80.0,160.0,31.88,5.6462,1.31,10.4375,0,1000.0,236.0,train,143.1,164.4,,
591,solid-slab database [30],0,200.0,196.35,32.7,5.7184,0.98,6.2375,0,1000.0,825.0,train,598.35,754.39,,
592,solid-slab database [30],0,114.0,254.0,12.12,3.4814,3.73,6.6842,0,1000.0,356.0,train,192.79,357.98,,
593,solid-slab database [30],0,124.7,200.0,33.53,5.7905,0.54,8.9816,0,1000.0,304.0,test,309.48,279.03,,
594,solid-slab database [30],0,120.0,150.0,28.5,5.3385,0.95,5.625,0,1000.0,396.0,test,228.32,273.44,,
595,solid-slab database [30],0,114.3,254.0,33.4,5.7793,3.45,6.6754,0,1000.0,374.0,train,321.14,491.04,,
596,solid-slab database [30],0,35.0,100.0,28.95,5.3805,1.97,7.7143,0,1000.0,73.0,train,33.56,40.73,,
597,solid-slab database [30],0,200.0,150.0,80.1,8.9499,2.62,5.125,0,1000.0,1250.0,train,826.97,1332.07,,
598,solid-slab database [30],0,80.0,160.0,24.52,4.9518,1.31,10.4375,0,1000.0,190.0,train,125.5,150.63,,
599,solid-slab database [30],0,95.5,94.25,24.0,4.899,0.85,3.0366,0,1000.0,181.0,train,117.18,148.15,,
600,solid-slab database [30],0,92.0,200.0,17.39,4.1701,1.48,8.2609,0,1000.0,210.0,test,147.87,191.28,,
601,solid-slab database [30],0,40.5,100.0,31.88,5.6462,0.69,6.6667,0,1000.0,52.0,train,42.41,37.13,,
602,solid-slab database [30],0,60.0,100.0,37.05,6.0869,1.1,7.5,0,1000.0,120.0,test,77.13,85.78,,
603,solid-slab database [30],0,200.0,200.0,37.43,6.118,0.83,2.625,0,1000.0,904.0,train,646.06,749.93,,
604,solid-slab database [30],0,173.0,707.64,22.89,4.7843,1.16,3.9566,0,1000.0,1079.0,test,962.15,929.85,,
605,solid-slab database [30],0,123.0,235.62,24.23,4.9224,0.54,5.7317,0,1000.0,258.0,train,286.61,259.62,,
606,solid-slab database [30],0,114.3,254.0,22.14,4.7053,1.05,6.6754,0,1000.0,389.0,train,261.46,287.99,,
607,solid-slab database [30],0,194.0,196.35,81.42,9.0233,0.83,5.5412,0,1000.0,889.0,train,901.98,916.93,,
608,solid-slab database [30],0,75.0,100.0,26.4,5.1381,1.5,1.6667,0,1000.0,185.0,train,89.02,123.55,,
609,solid-slab database [30],0,100.0,117.81,35.25,5.9372,1.25,6.11,0,1000.0,294.0,train,170.7,219.7,,
610,solid-slab database [30],0,40.5,100.0,32.62,5.7114,0.88,6.6667,0,1000.0,57.0,train,42.9,40.58,,
611,solid-slab database [30],0,124.7,200.0,24.7,4.9699,0.73,8.9816,0,1000.0,319.0,train,265.63,278.64,,
612,solid-slab database [30],0,120.0,150.0,65.55,8.0963,1.12,5.625,0,1000.0,436.0,test,346.26,381.31,,
613,solid-slab database [30],0,210.0,260.0,29.3,5.4129,0.33,5.9524,0,1000.0,550.0,train,705.22,585.38,,
614,solid-slab database [30],0,118.0,253.7,23.9,4.8888,1.15,6.47,0,1000.0,365.0,test,283.04,320.19,,
615,solid-slab database [30],0,118.0,254.0,27.6,5.2536,1.15,6.47,0,1000.0,356.0,train,304.41,336.09,,
616,solid-slab database [30],0,118.0,254.0,34.3,5.8566,1.15,6.47,0,1000.0,351.0,train,339.35,361.34,,
617,solid-slab database [30],0,118.0,254.0,19.3,4.3932,1.15,6.47,0,1000.0,356.0,test,254.55,298.31,,
618,solid-slab database [30],0,118.0,356.36,24.8,4.98,1.15,6.03,0,1000.0,400.0,train,367.95,377.46,,
619,solid-slab database [30],0,121.0,355.74,24.9,4.99,0.5,5.88,0,1000.0,236.0,train,379.96,297.17,,
620,solid-slab database [30],0,114.0,254.22,42.5,6.5192,0.5,6.69,0,1000.0,200.0,test,361.23,278.44,,
621,solid-slab database [30],0,114.0,254.22,22.1,4.7011,1.1,6.69,0,1000.0,389.0,train,260.48,291.21,,
622,solid-slab database [30],0,114.0,254.22,21.5,4.6368,2.0,6.69,0,1000.0,364.0,train,256.92,352.18,,
623,solid-slab database [30],0,114.0,254.22,23.3,4.827,1.1,6.69,0,1000.0,393.0,train,267.46,296.39,,
624,solid-slab database [30],0,114.0,254.22,24.1,4.9092,2.0,6.69,0,1000.0,378.0,train,272.02,365.84,,
625,solid-slab database [30],0,114.0,254.22,33.0,5.7446,2.6,6.69,0,1000.0,374.0,train,318.3,443.37,,
626,solid-slab database [30],0,114.0,254.22,19.5,4.4159,2.6,6.69,0,1000.0,312.0,train,244.68,372.06,,
627,solid-slab database [30],0,114.0,203.0,21.1,4.5935,1.1,6.92,0,1000.0,343.0,test,219.12,262.76,,
628,solid-slab database [30],0,114.0,202.92,21.9,4.6797,1.1,6.92,0,1000.0,378.0,test,223.18,266.01,,
629,solid-slab database [30],0,114.0,264.48,24.8,4.98,1.1,6.65,0,1000.0,372.0,train,283.63,307.68,,
630,solid-slab database [30],0,114.0,305.52,19.8,4.4497,1.5,6.47,0,1000.0,443.0,train,280.91,337.39,,
631,solid-slab database [30],0,127.0,254.0,28.1,5.3009,1.54,7.0,0,1000.0,463.0,train,338.58,419.25,,
632,solid-slab database [30],0,127.0,254.0,28.6,5.3479,1.56,7.0,0,1000.0,440.0,train,341.57,423.54,,
633,solid-slab database [30],0,127.0,508.0,33.2,5.7619,1.52,7.0,0,1000.0,579.0,train,613.37,612.95,,
634,solid-slab database [30],0,127.0,508.0,33.4,5.7793,1.52,7.0,0,1000.0,581.0,train,615.21,614.18,,
635,solid-slab database [30],0,75.0,50.25,32.6,5.7096,1.17,6.33,0,1000.0,140.0,train,70.8,103.93,,
636,solid-slab database [30],0,75.0,50.25,35.0,5.9161,1.17,6.33,0,1000.0,130.0,train,73.36,106.42,,
637,solid-slab database [30],0,75.0,99.75,30.7,5.5408,1.17,6.0,0,1000.0,200.0,train,95.86,119.51,,
638,solid-slab database [30],0,75.0,99.75,33.2,5.7619,1.17,6.0,0,1000.0,160.0,train,99.68,122.67,,
639,solid-slab database [30],0,75.0,150.0,30.5,5.5227,1.17,5.67,0,1000.0,204.0,train,123.02,137.11,,
640,solid-slab database [30],0,75.0,150.0,32.2,5.6745,1.17,5.67,0,1000.0,220.0,train,126.4,139.61,,
641,solid-slab database [30],0,75.0,200.25,30.9,5.5588,1.17,5.33,0,1000.0,240.0,train,151.48,155.65,,
642,solid-slab database [30],0,75.0,200.25,28.9,5.3759,1.17,5.33,0,1000.0,235.0,train,146.49,152.22,,
643,solid-slab database [30],0,75.0,99.75,29.1,5.3944,0.47,6.0,0,1000.0,118.0,train,93.33,86.62,,
644,solid-slab database [30],0,75.0,99.75,31.2,5.5857,0.47,6.0,0,1000.0,132.0,train,96.63,88.65,,
645,solid-slab database [30],0,75.0,99.75,31.9,5.648,1.55,6.0,0,1000.0,210.0,train,97.71,132.94,,
646,solid-slab database [30],0,75.0,99.75,30.9,5.5588,1.86,6.0,0,1000.0,200.0,test,96.17,139.78,,
647,solid-slab database [30],0,75.0,99.75,31.2,5.5857,1.86,6.0,0,1000.0,223.0,train,96.63,140.23,,
648,solid-slab database [30],0,75.0,99.75,31.2,5.5857,1.86,6.0,0,1000.0,220.0,test,96.63,140.23,,
649,solid-slab database [30],0,75.0,99.75,32.3,5.6833,1.18,6.0,0,1000.0,170.0,train,98.32,121.89,,
650,solid-slab database [30],0,75.0,99.75,31.1,5.5767,1.18,6.0,0,1000.0,190.0,train,96.48,120.36,,
651,solid-slab database [30],0,75.0,99.75,28.0,5.2915,0.92,6.0,0,1000.0,169.0,train,91.54,106.97,,
652,solid-slab database [30],0,75.0,99.75,28.8,5.3666,0.92,6.0,0,1000.0,160.0,train,92.84,107.98,,
653,solid-slab database [30],0,75.0,99.75,29.2,5.4037,1.17,9.33,0,1000.0,189.0,train,93.49,117.53,,
654,solid-slab database [30],0,75.0,99.75,29.4,5.4222,1.17,12.67,0,1000.0,192.0,train,93.81,117.79,,
655,solid-slab database [30],0,75.0,99.75,34.1,5.8395,1.17,12.67,0,1000.0,160.0,test,101.03,123.76,,
656,solid-slab database [30],0,75.0,99.75,31.6,5.6214,1.17,3.75,0,1000.0,150.0,train,97.25,120.66,,
657,solid-slab database [30],0,120.0,99.6,29.0,5.3852,1.17,3.75,0,1000.0,301.0,train,187.32,266.61,,
658,solid-slab database [30],0,120.0,99.6,31.1,5.5767,1.17,3.53,0,1000.0,292.0,train,193.98,272.9,,
659,solid-slab database [30],0,170.0,299.2,39.6,6.2929,0.79,3.53,0,1000.0,660.0,train,662.56,642.74,,
660,solid-slab database [30],0,170.0,299.2,41.8,6.4653,0.79,3.53,0,1000.0,660.0,test,680.72,654.43,,
661,solid-slab database [30],0,170.0,299.2,35.4,5.9498,1.19,3.53,0,1000.0,750.0,train,626.44,709.76,,
662,solid-slab database [30],0,170.0,299.2,39.3,6.269,1.19,3.53,0,1000.0,750.0,train,660.05,734.93,,
663,solid-slab database [30],0,170.0,299.2,39.3,6.269,1.09,3.53,0,1000.0,635.0,train,660.05,713.74,,
664,solid-slab database [30],0,170.0,299.2,39.3,6.269,1.09,3.53,0,1000.0,600.0,train,660.05,713.74,,
665,solid-slab database [30],0,120.0,300.0,36.7,6.0581,3.37,5.0,0,1000.0,400.0,train,403.03,582.85,,
666,solid-slab database [30],0,120.0,300.0,41.3,6.4265,3.37,5.0,0,1000.0,660.0,train,427.54,606.25,,
667,solid-slab database [30],0,120.0,300.0,39.2,6.261,2.11,5.0,0,1000.0,540.0,train,416.53,509.7,,
668,solid-slab database [30],0,120.0,300.0,39.7,6.3008,2.11,5.0,0,1000.0,710.0,train,419.18,511.86,,
669,solid-slab database [30],0,120.0,300.0,40.8,6.3875,1.12,5.0,0,1000.0,600.0,train,424.95,418.23,,
670,solid-slab database [30],0,120.0,300.0,44.7,6.6858,1.12,5.0,0,1000.0,600.0,train,444.79,431.16,,
671,solid-slab database [30],0,120.0,99.6,17.9,4.2308,0.99,5.83,0,1000.0,190.0,train,147.17,214.71,,
672,solid-slab database [30],0,120.0,99.6,22.4,4.7329,0.99,5.83,0,1000.0,240.0,train,164.63,231.38,,
673,solid-slab database [30],0,120.0,99.6,42.8,6.5422,0.99,5.83,0,1000.0,312.0,test,227.57,287.11,,
674,solid-slab database [30],0,120.0,99.6,41.8,6.4653,0.99,5.83,0,1000.0,341.0,train,224.89,284.86,,
675,solid-slab database [30],0,79.0,199.87,28.9,5.3759,0.8,10.32,0,1000.0,186.0,train,156.33,145.21,,
676,solid-slab database [30],0,125.0,250.0,26.0,5.099,1.06,3.8,0,1000.0,450.4,train,315.5,349.44,,
677,solid-slab database [30],0,125.0,250.0,26.0,5.099,0.96,3.8,0,1000.0,427.0,test,315.5,338.09,,
678,solid-slab database [30],0,80.0,250.4,43.1,6.5651,1.32,5.94,0,1000.0,302.4,train,229.06,222.3,,
679,solid-slab database [30],0,95.0,249.85,27.5,5.244,1.32,5.0,0,1000.0,307.0,train,226.77,248.36,,
680,solid-slab database [30],0,95.0,249.85,27.5,5.244,1.06,5.0,0,1000.0,306.4,train,226.77,230.84,,
681,solid-slab database [30],0,93.0,199.95,29.5,5.4314,1.24,5.38,0,1000.0,274.0,train,195.33,218.77,,
682,solid-slab database [30],0,93.0,199.95,31.4,5.6036,1.32,5.38,0,1000.0,277.0,train,201.52,228.08,,
683,solid-slab database [30],0,93.0,199.95,21.2,4.6043,1.32,5.38,0,1000.0,249.0,train,165.58,200.09,,
684,solid-slab database [30],0,93.0,199.95,29.5,5.4314,0.91,5.38,0,1000.0,240.0,train,195.33,197.33,,
685,solid-slab database [30],0,93.0,199.95,19.2,4.3818,0.58,5.38,0,1000.0,170.0,train,157.58,147.17,,
686,solid-slab database [30],0,172.0,201.24,31.0,5.5678,0.46,3.98,0,1000.0,503.0,train,471.81,445.41,,
687,solid-slab database [30],0,176.0,202.4,31.0,5.5678,0.45,3.89,0,1000.0,537.0,test,489.46,460.82,,
688,solid-slab database [30],0,175.0,406.0,31.0,5.5678,0.65,3.9,0,1000.0,799.0,train,747.26,655.41,,
689,solid-slab database [30],0,109.0,224.54,34.6,5.8822,0.96,8.14,0,1000.0,301.0,train,282.28,286.07,,
690,solid-slab database [30],0,109.0,224.54,48.5,6.9642,0.96,8.14,0,1000.0,363.0,test,334.21,320.15,,
691,solid-slab database [30],0,109.0,224.54,55.0,7.4162,0.96,8.14,0,1000.0,443.0,train,355.9,333.86,,
692,solid-slab database [30],0,121.0,300.08,35.2,5.933,1.0,10.12,0,1000.0,423.0,train,399.02,388.42,,
693,solid-slab database [30],0,190.0,400.9,21.9,4.6797,0.81,5.26,0,1000.0,615.0,train,693.53,711.98,,
694,solid-slab database [30],0,90.0,250.2,24.6,4.9598,1.06,6.94,0,1000.0,230.0,train,200.46,204.82,,
695,solid-slab database [30],0,90.0,250.2,26.0,5.099,2.0,6.94,0,1000.0,316.8,train,206.08,257.8,,
696,solid-slab database [30],0,130.0,249.6,24.6,4.9598,0.98,4.81,0,1000.0,443.2,train,323.08,355.84,,
697,solid-slab database [30],0,168.0,199.92,30.2,5.4955,0.5,5.36,0,1000.0,586.6,train,448.37,435.13,,
698,solid-slab database [30],0,164.0,200.08,29.8,5.4589,1.3,5.49,0,1000.0,805.3,train,430.25,571.59,,
699,solid-slab database [30],0,168.0,199.92,28.3,5.3198,0.5,5.36,0,1000.0,522.3,train,434.04,425.81,,
700,solid-slab database [30],0,164.0,200.08,26.7,5.1672,1.3,5.49,0,1000.0,796.8,train,407.26,551.04,,
701,solid-slab database [30],0,98.0,249.9,32.2,5.6745,1.57,4.85,0,1000.0,356.0,test,255.38,291.05,,
702,solid-slab database [30],0,128.0,249.6,32.9,5.7359,1.2,3.71,0,1000.0,470.0,train,365.94,409.04,,
703,solid-slab database [30],0,158.0,249.64,34.3,5.8566,0.97,3.01,0,1000.0,646.0,train,497.91,545.91,,
704,solid-slab database [30],0,88.0,350.24,27.9,5.282,1.75,4.83,0,1000.0,408.0,train,268.89,290.26,,
705,solid-slab database [30],0,98.0,249.9,31.4,5.6036,1.57,4.85,0,1000.0,360.0,test,252.19,288.62,,
706,solid-slab database [30],0,99.0,250.47,37.8,6.1482,1.14,4.8,0,1000.0,357.0,train,280.78,280.63,,
707,solid-slab database [30],0,100.0,250.0,40.2,6.3403,0.79,4.75,0,1000.0,293.0,train,292.92,257.27,,
708,solid-slab database [30],0,98.0,249.9,44.3,6.6558,1.57,4.85,0,1000.0,412.0,train,299.54,323.71,,
709,solid-slab database [30],0,99.0,250.47,44.7,6.6858,1.14,4.8,0,1000.0,354.0,train,305.33,296.76,,
710,solid-slab database [30],0,210.0,260.4,38.4,6.1968,0.25,5.95,0,1000.0,440.0,train,808.03,584.24,,
711,solid-slab database [30],0,210.0,260.4,32.0,5.6569,0.25,5.95,0,1000.0,408.0,train,737.62,549.79,,
712,solid-slab database [30],0,210.0,260.4,34.1,5.8395,0.75,5.95,0,1000.0,763.0,train,761.44,809.92,,
713,solid-slab database [30],0,117.0,129.87,34.1,5.8395,0.28,5.34,0,1000.0,140.0,train,222.64,177.8,,
714,solid-slab database [30],0,117.0,129.87,34.1,5.8395,0.22,5.34,0,1000.0,115.0,train,222.64,164.06,,
715,solid-slab database [30],0,196.0,260.68,57.5,7.5829,0.82,6.38,0,1000.0,989.0,train,895.93,893.64,,
716,solid-slab database [30],0,212.0,260.76,56.7,7.5299,1.48,5.9,0,1000.0,1433.0,train,996.19,1220.89,,
717,solid-slab database [30],0,206.0,259.56,43.4,6.5879,0.78,6.07,0,1000.0,860.0,train,833.99,863.72,,
718,solid-slab database [30],0,201.0,259.29,46.5,6.8191,1.56,6.22,0,1000.0,1094.0,train,832.78,1073.9,,
719,solid-slab database [30],0,199.0,260.69,38.9,6.237,0.81,6.28,0,1000.0,839.0,train,753.12,801.79,,
720,solid-slab database [30],0,194.0,259.96,37.8,6.1482,1.61,6.44,0,1000.0,1102.0,train,714.73,955.37,,
721,solid-slab database [30],0,162.5,250.25,31.2,5.5857,0.52,4.86,0,1000.0,479.0,test,494.53,450.66,,
722,solid-slab database [30],0,157.5,250.43,32.8,5.7271,2.17,5.02,0,1000.0,678.0,test,485.71,700.45,,
723,solid-slab database [30],0,162.5,250.25,50.7,7.1204,0.65,4.86,0,1000.0,675.0,test,630.4,570.74,,
724,solid-slab database [30],0,160.0,249.6,51.4,7.1694,0.98,4.94,0,1000.0,798.0,train,620.21,640.09,,
725,solid-slab database [30],0,157.5,250.43,51.4,7.1694,1.13,5.02,0,1000.0,811.0,train,608.03,654.56,,
726,solid-slab database [30],0,157.5,250.43,55.0,7.4162,1.67,5.02,0,1000.0,802.0,train,628.96,762.59,,
727,solid-slab database [30],0,137.5,250.25,56.4,7.51,2.48,5.75,0,1000.0,788.0,train,528.53,701.18,,
728,solid-slab database [30],0,127.5,249.9,57.1,7.5565,2.68,6.2,0,1000.0,801.0,train,479.96,638.77,,
729,solid-slab database [30],0,105.0,250.0,44.7,6.6858,0.45,9.5238,0,1000.0,219.0,train,328.96,238.44,,
730,solid-slab database [30],0,105.0,250.0,32.3,5.6833,0.4,7.52,0,1000.0,228.0,train,279.64,205.73,,
731,solid-slab database [30],0,112.5,249.75,57.1,7.5565,1.88,7.02,0,1000.0,481.0,train,406.49,464.4,,
732,solid-slab database [30],0,193.0,129.31,35.3,5.9414,1.63,6.81,0,1000.0,682.0,train,487.86,789.29,,
733,solid-slab database [30],0,210.0,260.4,33.5,5.7879,1.5,5.95,0,1000.0,974.0,train,754.71,1014.41,,
734,solid-slab database [30],0,197.0,520.08,35.5,5.9582,1.59,5.69,0,1000.0,1324.0,train,1111.02,1239.42,,
735,solid-slab database [30],0,267.0,339.09,30.5,5.5227,1.58,4.53,0,1000.0,1625.0,train,1179.7,1537.19,,
736,solid-slab database [30],0,353.0,441.25,31.7,5.6303,1.5,3.29,0,1000.0,2491.0,test,2083.7,2501.87,,
737,solid-slab database [30],0,150.0,250.5,24.5,4.9497,0.86,7.0,0,1000.0,473.0,train,392.51,430.58,,
738,solid-slab database [30],0,150.0,250.5,22.6,4.7539,1.28,7.0,0,1000.0,600.0,train,376.98,478.56,,
739,solid-slab database [30],0,150.0,250.5,39.4,6.2769,0.86,7.0,0,1000.0,723.0,train,497.76,504.47,,
740,solid-slab database [30],0,150.0,250.5,35.9,5.9917,1.28,7.0,0,1000.0,801.0,train,475.13,558.39,,
741,solid-slab database [30],0,150.0,250.5,26.4,5.1381,0.86,5.0,0,1000.0,678.0,test,407.45,441.44,,
742,solid-slab database [30],0,150.0,250.5,25.8,5.0794,1.28,5.0,0,1000.0,692.0,train,402.79,500.16,,
743,solid-slab database [30],0,150.0,250.5,34.8,5.8992,0.86,5.0,0,1000.0,691.0,train,467.8,484.02,,
744,solid-slab database [30],0,150.0,250.5,34.0,5.831,1.28,5.0,0,1000.0,855.0,train,462.39,548.36,,
745,solid-slab database [30],0,200.0,450.0,34.6,5.8822,1.07,5.13,0,1000.0,974.0,test,1009.38,1035.05,,
746,solid-slab database [30],0,105.0,236.25,33.6,5.7966,1.0,6.33,0,1000.0,289.2,train,274.16,276.21,,
747,solid-slab database [30],0,104.2,200.06,100.7,10.0349,0.94,6.38,0,1000.0,412.9,train,419.95,360.66,,
748,solid-slab database [30],0,101.6,200.15,104.3,10.2127,1.24,6.55,0,1000.0,429.0,train,413.29,384.24,,
749,solid-slab database [30],0,101.7,200.35,103.9,10.1931,1.48,6.54,0,1000.0,460.9,train,413.32,407.87,,
750,solid-slab database [30],0,96.0,129.6,40.3,6.3482,1.5,7.14,0,1000.0,393.9,test,181.48,233.94,,
751,solid-slab database [30],0,96.0,129.6,37.8,6.1482,1.5,7.14,0,1000.0,361.3,test,175.76,229.0,,
752,solid-slab database [30],0,96.0,129.6,39.4,6.2769,1.5,7.14,0,1000.0,385.2,train,179.45,232.19,,
753,solid-slab database [30],0,197.0,260.04,32.9,5.7359,1.59,2.93,0,1000.0,985.0,train,681.7,932.5,,
754,solid-slab database [30],0,204.0,259.08,32.2,5.6745,1.54,8.09,0,1000.0,961.0,train,707.6,966.49,,
